Location,Weight,Ticker,ISIN,TER
--,0.0,IQQ0,IE00B8FHGS14,0.3
Australien,0.003306,IQQ0,IE00B8FHGS14,0.3
Belgien,0.0050149999999999995,IQQ0,IE00B8FHGS14,0.3
Deutschland,0.0247143,IQQ0,IE00B8FHGS14,0.3
Dänemark,0.0011147,IQQ0,IE00B8FHGS14,0.3
Europäische Union,0.000453,IQQ0,IE00B8FHGS14,0.3
Finnland,0.0084975,IQQ0,IE00B8FHGS14,0.3
Frankreich,0.0223473,IQQ0,IE00B8FHGS14,0.3
Hongkong,0.0156055,IQQ0,IE00B8FHGS14,0.3
Irland,0.0027339,IQQ0,IE00B8FHGS14,0.3
Israel,0.0083838,IQQ0,IE00B8FHGS14,0.3
Italien,0.0059408,IQQ0,IE00B8FHGS14,0.3
Japan,0.1062384,IQQ0,IE00B8FHGS14,0.3
Kanada,0.0367641,IQQ0,IE00B8FHGS14,0.3
Neuseeland,0.0012364000000000001,IQQ0,IE00B8FHGS14,0.3
Niederlande,0.0108356,IQQ0,IE00B8FHGS14,0.3
Norwegen,0.0,IQQ0,IE00B8FHGS14,0.3
Portugal,0.0005758,IQQ0,IE00B8FHGS14,0.3
Schweden,0.0013239,IQQ0,IE00B8FHGS14,0.3
Schweiz,0.0373695,IQQ0,IE00B8FHGS14,0.3
Singapur,0.012620000000000001,IQQ0,IE00B8FHGS14,0.3
Spanien,0.0112078,IQQ0,IE00B8FHGS14,0.3
Vereinigte Staaten,0.6716257,IQQ0,IE00B8FHGS14,0.3
Vereinigtes Königreich,0.0115334,IQQ0,IE00B8FHGS14,0.3
Österreich,0.0005576,IQQ0,IE00B8FHGS14,0.3
--,0.0,IBCK,IE00B6SPMN59,0.2
Europäische Union,5.3e-05,IBCK,IE00B6SPMN59,0.2
Irland,0.0001185,IBCK,IE00B6SPMN59,0.2
Vereinigte Staaten,0.9997933,IBCK,IE00B6SPMN59,0.2
Vereinigtes Königreich,3.5300000000000004e-05,IBCK,IE00B6SPMN59,0.2
--,0.0,IUSC,IE00B27YCK28,0.2
Europäische Union,3.1e-06,IUSC,IE00B27YCK28,0.2
Irland,0.0058838,IUSC,IE00B27YCK28,0.2
Schweiz,-0.008797999999999999,IUSC,IE00B27YCK28,0.2
Vereinigte Staaten,1.0028965,IUSC,IE00B27YCK28,0.2
Vereinigtes Königreich,1.3e-05,IUSC,IE00B27YCK28,0.2
--,0.0,DAXEX,DE0005933931,0.16
Deutschland,0.9277193,DAXEX,DE0005933931,0.16
Europäische Union,0.0008498999999999999,DAXEX,DE0005933931,0.16
Frankreich,0.0711651,DAXEX,DE0005933931,0.16
Vereinigte Staaten,0.0002657,DAXEX,DE0005933931,0.16
--,0.0,EUNY,IE00B652H904,0.65
Brasilien,0.2518104,EUNY,IE00B652H904,0.65
Chile,0.013938299999999999,EUNY,IE00B652H904,0.65
China,0.2187129,EUNY,IE00B652H904,0.65
Europäische Union,-4.4000000000000006e-05,EUNY,IE00B652H904,0.65
Griechenland,0.012734,EUNY,IE00B652H904,0.65
Hongkong,0.017065300000000002,EUNY,IE00B652H904,0.65
Indien,0.0527927,EUNY,IE00B652H904,0.65
Indonesien,0.0980051,EUNY,IE00B652H904,0.65
Kolumbien,0.0201145,EUNY,IE00B652H904,0.65
Korea,3.84e-05,EUNY,IE00B652H904,0.65
Kuwait,0.0025552000000000005,EUNY,IE00B652H904,0.65
Luxemburg,0.0111687,EUNY,IE00B652H904,0.65
Malaysia,0.0185431,EUNY,IE00B652H904,0.65
Mexiko,0.012687299999999999,EUNY,IE00B652H904,0.65
Philippinen,1.93e-05,EUNY,IE00B652H904,0.65
Polen,0.0755508,EUNY,IE00B652H904,0.65
Qatar,0.0052252,EUNY,IE00B652H904,0.65
Russland,2.8800000000000002e-05,EUNY,IE00B652H904,0.65
Singapur,7.5e-06,EUNY,IE00B652H904,0.65
Südafrika,0.0426319,EUNY,IE00B652H904,0.65
Taiwan,0.0598674,EUNY,IE00B652H904,0.65
Thailand,0.0288735,EUNY,IE00B652H904,0.65
Tschechien,0.028446700000000002,EUNY,IE00B652H904,0.65
Türkei,0.0094103,EUNY,IE00B652H904,0.65
Ver. Arabische Emirate,0.0123241,EUNY,IE00B652H904,0.65
Vereinigte Staaten,0.007463999999999999,EUNY,IE00B652H904,0.65
Vereinigtes Königreich,2.74e-05,EUNY,IE00B652H904,0.65
Ägypten,1.4e-06,EUNY,IE00B652H904,0.65
Belgien,0.0294564,IUSK,IE00B52VJ196,0.2
Deutschland,0.0893438,IUSK,IE00B52VJ196,0.2
Dänemark,0.1055806,IUSK,IE00B52VJ196,0.2
Europäische Union,0.0037584,IUSK,IE00B52VJ196,0.2
Finnland,0.0353385,IUSK,IE00B52VJ196,0.2
Frankreich,0.1845658,IUSK,IE00B52VJ196,0.2
Irland,0.004890599999999999,IUSK,IE00B52VJ196,0.2
Italien,0.0269906,IUSK,IE00B52VJ196,0.2
Niederlande,0.13117030000000002,IUSK,IE00B52VJ196,0.2
Norwegen,0.0180571,IUSK,IE00B52VJ196,0.2
Portugal,0.0024998,IUSK,IE00B52VJ196,0.2
Schweden,0.0485321,IUSK,IE00B52VJ196,0.2
Schweiz,0.1769219,IUSK,IE00B52VJ196,0.2
Spanien,0.0214625,IUSK,IE00B52VJ196,0.2
Vereinigte Staaten,0.0001956,IUSK,IE00B52VJ196,0.2
Vereinigtes Königreich,0.11855199999999999,IUSK,IE00B52VJ196,0.2
Österreich,0.002684,IUSK,IE00B52VJ196,0.2
--,0.0,IUSL,IE00B57X3V84,0.6
Australien,0.026671,IUSL,IE00B57X3V84,0.6
Belgien,0.0017705999999999998,IUSL,IE00B57X3V84,0.6
Brasilien,0.0074621999999999996,IUSL,IE00B57X3V84,0.6
Chile,0.0009503,IUSL,IE00B57X3V84,0.6
China,0.031307999999999996,IUSL,IE00B57X3V84,0.6
Deutschland,0.0388751,IUSL,IE00B57X3V84,0.6
Dänemark,0.001323,IUSL,IE00B57X3V84,0.6
Europäische Union,0.0005791,IUSL,IE00B57X3V84,0.6
Finnland,0.0055726,IUSL,IE00B57X3V84,0.6
Frankreich,0.0351454,IUSL,IE00B57X3V84,0.6
Griechenland,0.0002396,IUSL,IE00B57X3V84,0.6
Hongkong,0.007069000000000001,IUSL,IE00B57X3V84,0.6
Indien,0.014769000000000001,IUSL,IE00B57X3V84,0.6
Indonesien,0.0007241999999999999,IUSL,IE00B57X3V84,0.6
Israel,1.0000000000000001e-07,IUSL,IE00B57X3V84,0.6
Italien,0.0165905,IUSL,IE00B57X3V84,0.6
Japan,0.0803966,IUSL,IE00B57X3V84,0.6
Kanada,0.032552000000000005,IUSL,IE00B57X3V84,0.6
Kolumbien,0.0004395,IUSL,IE00B57X3V84,0.6
Korea,0.0200215,IUSL,IE00B57X3V84,0.6
Malaysia,0.0009289000000000001,IUSL,IE00B57X3V84,0.6
Mexiko,0.0040717,IUSL,IE00B57X3V84,0.6
Neuseeland,0.00103,IUSL,IE00B57X3V84,0.6
Niederlande,0.026173799999999997,IUSL,IE00B57X3V84,0.6
Norwegen,0.0006996,IUSL,IE00B57X3V84,0.6
Peru,0.0006090000000000001,IUSL,IE00B57X3V84,0.6
Philippinen,5.1e-06,IUSL,IE00B57X3V84,0.6
Portugal,0.0012248,IUSL,IE00B57X3V84,0.6
Schweden,0.0043559,IUSL,IE00B57X3V84,0.6
Schweiz,0.0318317,IUSL,IE00B57X3V84,0.6
Singapur,0.0010556,IUSL,IE00B57X3V84,0.6
Spanien,0.0267875,IUSL,IE00B57X3V84,0.6
Südafrika,0.0070824,IUSL,IE00B57X3V84,0.6
Taiwan,0.0793155,IUSL,IE00B57X3V84,0.6
Thailand,0.0044751,IUSL,IE00B57X3V84,0.6
Türkei,0.00025320000000000003,IUSL,IE00B57X3V84,0.6
Ungarn,9.6e-06,IUSL,IE00B57X3V84,0.6
Vereinigte Staaten,0.43685070000000004,IUSL,IE00B57X3V84,0.6
Vereinigtes Königreich,0.050416,IUSL,IE00B57X3V84,0.6
Österreich,0.000365,IUSL,IE00B57X3V84,0.6
--,0.0,EXI2,DE0006289382,0.51
Australien,3e-05,EXI2,DE0006289382,0.51
Deutschland,0.0079459,EXI2,DE0006289382,0.51
Dänemark,0.0059866,EXI2,DE0006289382,0.51
Europäische Union,0.0005784,EXI2,DE0006289382,0.51
Frankreich,0.0061074,EXI2,DE0006289382,0.51
Hongkong,0.0,EXI2,DE0006289382,0.51
Japan,0.008064499999999999,EXI2,DE0006289382,0.51
Kanada,0.0077214,EXI2,DE0006289382,0.51
Korea,0.0169207,EXI2,DE0006289382,0.51
Niederlande,0.0148379,EXI2,DE0006289382,0.51
Schweiz,0.0266189,EXI2,DE0006289382,0.51
Taiwan,0.042053700000000006,EXI2,DE0006289382,0.51
Vereinigte Staaten,0.8337653,EXI2,DE0006289382,0.51
Vereinigtes Königreich,0.0293691,EXI2,DE0006289382,0.51
Belgien,0.0334196,EXSI,DE000A0D8Q07,0.2
Deutschland,0.2624382,EXSI,DE000A0D8Q07,0.2
Europäische Union,0.0033539,EXSI,DE000A0D8Q07,0.2
Finnland,0.0349559,EXSI,DE000A0D8Q07,0.2
Frankreich,0.3028578,EXSI,DE000A0D8Q07,0.2
Irland,0.0129118,EXSI,DE000A0D8Q07,0.2
Italien,0.0975383,EXSI,DE000A0D8Q07,0.2
Niederlande,0.1306322,EXSI,DE000A0D8Q07,0.2
Portugal,0.0054001,EXSI,DE000A0D8Q07,0.2
Spanien,0.1053054,EXSI,DE000A0D8Q07,0.2
Vereinigte Staaten,0.0001115,EXSI,DE000A0D8Q07,0.2
Vereinigtes Königreich,0.0006405,EXSI,DE000A0D8Q07,0.2
Österreich,0.010434599999999999,EXSI,DE000A0D8Q07,0.2
Belgien,0.023343500000000003,EUN2,IE0008471009,0.1
Deutschland,0.3018444,EUN2,IE0008471009,0.1
Europäische Union,0.0034629,EUN2,IE0008471009,0.1
Finnland,0.0123821,EUN2,IE0008471009,0.1
Frankreich,0.3288717,EUN2,IE0008471009,0.1
Irland,0.0002456,EUN2,IE0008471009,0.1
Italien,0.0798871,EUN2,IE0008471009,0.1
Niederlande,0.1458454,EUN2,IE0008471009,0.1
Spanien,0.1040531,EUN2,IE0008471009,0.1
Vereinigte Staaten,1.59e-05,EUN2,IE0008471009,0.1
Vereinigtes Königreich,4.85e-05,EUN2,IE0008471009,0.1
Belgien,0.0233793,EXW1,DE0005933956,0.09
Deutschland,0.3023569,EXW1,DE0005933956,0.09
Europäische Union,0.0021682,EXW1,DE0005933956,0.09
Finnland,0.0124381,EXW1,DE0005933956,0.09
Frankreich,0.3293764,EXW1,DE0005933956,0.09
Italien,0.080032,EXW1,DE0005933956,0.09
Niederlande,0.1460314,EXW1,DE0005933956,0.09
Spanien,0.10421820000000001,EXW1,DE0005933956,0.09
Vereinigte Staaten,1.0000000000000001e-07,EXW1,DE0005933956,0.09
Belgien,0.0253359,EXX1,DE0006289309,0.52
Deutschland,0.0796514,EXX1,DE0006289309,0.52
Europäische Union,0.0061954,EXX1,DE0006289309,0.52
Finnland,0.047448899999999995,EXX1,DE0006289309,0.52
Frankreich,0.142846,EXX1,DE0006289309,0.52
Irland,0.031287800000000004,EXX1,DE0006289309,0.52
Italien,0.2402333,EXX1,DE0006289309,0.52
Niederlande,0.0808693,EXX1,DE0006289309,0.52
Portugal,0.0072365,EXX1,DE0006289309,0.52
Spanien,0.2973372,EXX1,DE0006289309,0.52
Österreich,0.0415582,EXX1,DE0006289309,0.52
--,0.0,IQQA,IE00B0M62S72,0.4
Belgien,0.0607331,IQQA,IE00B0M62S72,0.4
Deutschland,0.1769524,IQQA,IE00B0M62S72,0.4
Europäische Union,0.007749,IQQA,IE00B0M62S72,0.4
Finnland,0.0400351,IQQA,IE00B0M62S72,0.4
Frankreich,0.16613440000000002,IQQA,IE00B0M62S72,0.4
Irland,4.64e-05,IQQA,IE00B0M62S72,0.4
Italien,0.1036987,IQQA,IE00B0M62S72,0.4
Niederlande,0.2753145,IQQA,IE00B0M62S72,0.4
Portugal,0.0391355,IQQA,IE00B0M62S72,0.4
Spanien,0.07485249999999999,IQQA,IE00B0M62S72,0.4
Vereinigtes Königreich,0.0001708,IQQA,IE00B0M62S72,0.4
Österreich,0.055177699999999996,IQQA,IE00B0M62S72,0.4
--,0.0,IUSZ,IE0005042456,0.07
Europäische Union,3.4e-05,IUSZ,IE0005042456,0.07
Griechenland,0.0017097000000000002,IUSZ,IE0005042456,0.07
Guernsey,0.0024345,IUSZ,IE0005042456,0.07
Irland,0.0011673999999999999,IUSZ,IE0005042456,0.07
Niederlande,0.005599300000000001,IUSZ,IE0005042456,0.07
Spanien,0.0060595,IUSZ,IE0005042456,0.07
Vereinigte Staaten,7.07e-05,IUSZ,IE0005042456,0.07
Vereinigtes Königreich,0.9829254,IUSZ,IE0005042456,0.07
--,0.0,IQQC,IE00B02KXK85,0.74
China,0.9938889,IQQC,IE00B02KXK85,0.74
Europäische Union,4.2999999999999995e-06,IQQC,IE00B02KXK85,0.74
Hongkong,0.0059101,IQQC,IE00B02KXK85,0.74
Vereinigte Staaten,9.47e-05,IQQC,IE00B02KXK85,0.74
Vereinigtes Königreich,0.00010200000000000001,IQQC,IE00B02KXK85,0.74
--,0.0,IQQD,IE00B0M63060,0.4
Europäische Union,2e-06,IQQD,IE00B0M63060,0.4
Georgien,9.549999999999999e-05,IQQD,IE00B0M63060,0.4
Vereinigte Staaten,4e-05,IQQD,IE00B0M63060,0.4
Vereinigtes Königreich,0.9998626,IQQD,IE00B0M63060,0.4
--,0.0,IQQI,IE00B1FZS467,0.65
Australien,0.0154585,IQQI,IE00B1FZS467,0.65
Belgien,0.0019901,IQQI,IE00B1FZS467,0.65
Brasilien,0.017489,IQQI,IE00B1FZS467,0.65
Chile,0.0014957,IQQI,IE00B1FZS467,0.65
China,0.014872699999999999,IQQI,IE00B1FZS467,0.65
Deutschland,0.001061,IQQI,IE00B1FZS467,0.65
Dänemark,2.0600000000000003e-05,IQQI,IE00B1FZS467,0.65
Europäische Union,0.0005852,IQQI,IE00B1FZS467,0.65
Frankreich,0.0047171999999999995,IQQI,IE00B1FZS467,0.65
Griechenland,0.0021252,IQQI,IE00B1FZS467,0.65
Hongkong,0.0153767,IQQI,IE00B1FZS467,0.65
Indien,0.0203821,IQQI,IE00B1FZS467,0.65
Indonesien,0.0011291,IQQI,IE00B1FZS467,0.65
Irland,0.0014265999999999999,IQQI,IE00B1FZS467,0.65
Italien,0.0137028,IQQI,IE00B1FZS467,0.65
Japan,0.044352499999999996,IQQI,IE00B1FZS467,0.65
Kanada,0.1249123,IQQI,IE00B1FZS467,0.65
Kolumbien,0.0010366,IQQI,IE00B1FZS467,0.65
Korea,0.0032787,IQQI,IE00B1FZS467,0.65
Kuwait,2.0000000000000002e-07,IQQI,IE00B1FZS467,0.65
Malaysia,0.0050888,IQQI,IE00B1FZS467,0.65
Mexiko,0.0079705,IQQI,IE00B1FZS467,0.65
Neuseeland,0.0029663999999999997,IQQI,IE00B1FZS467,0.65
Philippinen,0.0045907,IQQI,IE00B1FZS467,0.65
Polen,1.96e-05,IQQI,IE00B1FZS467,0.65
Portugal,0.000539,IQQI,IE00B1FZS467,0.65
Russland,1.4e-06,IQQI,IE00B1FZS467,0.65
Saudi-Arabien,0.000937,IQQI,IE00B1FZS467,0.65
Schweiz,0.0021360999999999997,IQQI,IE00B1FZS467,0.65
Singapur,0.0010579,IQQI,IE00B1FZS467,0.65
Spanien,0.0192772,IQQI,IE00B1FZS467,0.65
Taiwan,0.0006107999999999999,IQQI,IE00B1FZS467,0.65
Thailand,0.0037535000000000003,IQQI,IE00B1FZS467,0.65
Türkei,0.0005861999999999999,IQQI,IE00B1FZS467,0.65
Ver. Arabische Emirate,0.0040064,IQQI,IE00B1FZS467,0.65
Vereinigte Staaten,0.6196273,IQQI,IE00B1FZS467,0.65
Vereinigtes Königreich,0.0410267,IQQI,IE00B1FZS467,0.65
Österreich,0.0003914,IQQI,IE00B1FZS467,0.65
--,0.0,EXS3,DE0005933923,0.51
Deutschland,0.9737172,EXS3,DE0005933923,0.51
Europäische Union,0.0006843,EXS3,DE0005933923,0.51
Südafrika,0.0,EXS3,DE0005933923,0.51
Vereinigte Staaten,1.14e-05,EXS3,DE0005933923,0.51
Vereinigtes Königreich,0.0255871,EXS3,DE0005933923,0.51
--,0.0,IQQF,IE00B0M63730,0.74
China,0.3180922,IQQF,IE00B0M63730,0.74
Europäische Union,7.2000000000000005e-06,IQQF,IE00B0M63730,0.74
Hongkong,0.0550448,IQQF,IE00B0M63730,0.74
Indonesien,0.0153406,IQQF,IE00B0M63730,0.74
Irland,0.0527648,IQQF,IE00B0M63730,0.74
Korea,0.1931325,IQQF,IE00B0M63730,0.74
Malaysia,0.0159509,IQQF,IE00B0M63730,0.74
Philippinen,0.0052009000000000005,IQQF,IE00B0M63730,0.74
Singapur,0.0455412,IQQF,IE00B0M63730,0.74
Taiwan,0.2844646,IQQF,IE00B0M63730,0.74
Thailand,0.0131116,IQQF,IE00B0M63730,0.74
Türkei,0.0,IQQF,IE00B0M63730,0.74
Vereinigte Staaten,0.0012553999999999998,IQQF,IE00B0M63730,0.74
Vereinigtes Königreich,9.36e-05,IQQF,IE00B0M63730,0.74
--,0.0,IUSQ,IE00B6R52259,0.2
Australien,0.0135387,IUSQ,IE00B6R52259,0.2
Belgien,0.002549,IUSQ,IE00B6R52259,0.2
Brasilien,7.6e-06,IUSQ,IE00B6R52259,0.2
Chile,0.0005775,IUSQ,IE00B6R52259,0.2
China,0.0264328,IUSQ,IE00B6R52259,0.2
Deutschland,0.0264629,IUSQ,IE00B6R52259,0.2
Dänemark,0.0044988,IUSQ,IE00B6R52259,0.2
Europäische Union,-5.4e-06,IUSQ,IE00B6R52259,0.2
Finnland,0.0025846,IUSQ,IE00B6R52259,0.2
Frankreich,0.0231629,IUSQ,IE00B6R52259,0.2
Griechenland,0.00038250000000000003,IUSQ,IE00B6R52259,0.2
Hongkong,0.0043782,IUSQ,IE00B6R52259,0.2
Indien,1.0000000000000001e-07,IUSQ,IE00B6R52259,0.2
Indonesien,0.0012544,IUSQ,IE00B6R52259,0.2
Irland,0.0266027,IUSQ,IE00B6R52259,0.2
Israel,0.0024332,IUSQ,IE00B6R52259,0.2
Italien,0.0070618,IUSQ,IE00B6R52259,0.2
Japan,0.0486603,IUSQ,IE00B6R52259,0.2
Kanada,0.0304702,IUSQ,IE00B6R52259,0.2
Kolumbien,0.0,IUSQ,IE00B6R52259,0.2
Korea,0.0160442,IUSQ,IE00B6R52259,0.2
Kuwait,0.0006359,IUSQ,IE00B6R52259,0.2
Malaysia,0.0013495,IUSQ,IE00B6R52259,0.2
Mexiko,0.0021175,IUSQ,IE00B6R52259,0.2
Neuseeland,0.0004243,IUSQ,IE00B6R52259,0.2
Niederlande,0.011274900000000001,IUSQ,IE00B6R52259,0.2
Norwegen,0.0013967,IUSQ,IE00B6R52259,0.2
Peru,0.0004747,IUSQ,IE00B6R52259,0.2
Philippinen,0.0005183,IUSQ,IE00B6R52259,0.2
Polen,0.0013153,IUSQ,IE00B6R52259,0.2
Portugal,0.0004326,IUSQ,IE00B6R52259,0.2
Qatar,0.0006108,IUSQ,IE00B6R52259,0.2
Russland,0.0,IUSQ,IE00B6R52259,0.2
Saudi-Arabien,0.0,IUSQ,IE00B6R52259,0.2
Schweden,0.0078871,IUSQ,IE00B6R52259,0.2
Schweiz,0.0206882,IUSQ,IE00B6R52259,0.2
Singapur,0.0037452,IUSQ,IE00B6R52259,0.2
Spanien,0.0085012,IUSQ,IE00B6R52259,0.2
Südafrika,0.0041351,IUSQ,IE00B6R52259,0.2
Taiwan,0.0233999,IUSQ,IE00B6R52259,0.2
Thailand,0.0012595000000000002,IUSQ,IE00B6R52259,0.2
Tschechien,0.00012179999999999999,IUSQ,IE00B6R52259,0.2
Türkei,0.0005781,IUSQ,IE00B6R52259,0.2
Ungarn,0.0003807,IUSQ,IE00B6R52259,0.2
Ver. Arabische Emirate,0.0015305,IUSQ,IE00B6R52259,0.2
Vereinigte Staaten,0.6368279,IUSQ,IE00B6R52259,0.2
Vereinigtes Königreich,0.0326341,IUSQ,IE00B6R52259,0.2
Ägypten,4.1700000000000004e-05,IUSQ,IE00B6R52259,0.2
Österreich,0.0006223,IUSQ,IE00B6R52259,0.2
--,0.0,IQQE,IE00B0M63177,0.18
Brasilien,0.0278335,IQQE,IE00B0M63177,0.18
Chile,0.005855,IQQE,IE00B0M63177,0.18
China,0.272065,IQQE,IE00B0M63177,0.18
Deutschland,0.0156648,IQQE,IE00B0M63177,0.18
Europäische Union,3.4e-06,IQQE,IE00B0M63177,0.18
Griechenland,0.0056899,IQQE,IE00B0M63177,0.18
Hongkong,-0.0003738,IQQE,IE00B0M63177,0.18
Indien,0.1461648,IQQE,IE00B0M63177,0.18
Indonesien,0.011333900000000001,IQQE,IE00B0M63177,0.18
Irland,0.009701600000000001,IQQE,IE00B0M63177,0.18
Kanada,0.0,IQQE,IE00B0M63177,0.18
Kolumbien,0.0015745,IQQE,IE00B0M63177,0.18
Korea,0.1404749,IQQE,IE00B0M63177,0.18
Kuwait,0.0066144,IQQE,IE00B0M63177,0.18
Malaysia,0.011431199999999999,IQQE,IE00B0M63177,0.18
Mexiko,0.019202,IQQE,IE00B0M63177,0.18
Peru,0.0037729,IQQE,IE00B0M63177,0.18
Philippinen,0.0037526,IQQE,IE00B0M63177,0.18
Polen,0.0108194,IQQE,IE00B0M63177,0.18
Qatar,0.0065381,IQQE,IE00B0M63177,0.18
Russland,7.000000000000001e-07,IQQE,IE00B0M63177,0.18
Saudi-Arabien,0.0212556,IQQE,IE00B0M63177,0.18
Südafrika,0.0366753,IQQE,IE00B0M63177,0.18
Taiwan,0.2082527,IQQE,IE00B0M63177,0.18
Thailand,0.0095979,IQQE,IE00B0M63177,0.18
Tschechien,0.001474,IQQE,IE00B0M63177,0.18
Türkei,0.0044387,IQQE,IE00B0M63177,0.18
Ungarn,0.0031308,IQQE,IE00B0M63177,0.18
Ver. Arabische Emirate,0.0143831,IQQE,IE00B0M63177,0.18
Vereinigte Staaten,0.0019951,IQQE,IE00B0M63177,0.18
Vereinigtes Königreich,3.69e-05,IQQE,IE00B0M63177,0.18
Ägypten,0.0006405,IQQE,IE00B0M63177,0.18
--,0.0,EUNM,IE00B4L5YC18,0.18
Brasilien,0.0228783,EUNM,IE00B4L5YC18,0.18
Chile,0.0057771,EUNM,IE00B4L5YC18,0.18
China,0.2344141,EUNM,IE00B4L5YC18,0.18
Deutschland,0.020406,EUNM,IE00B4L5YC18,0.18
Europäische Union,-2.47e-05,EUNM,IE00B4L5YC18,0.18
Griechenland,0.0056888,EUNM,IE00B4L5YC18,0.18
Hongkong,-0.0017055,EUNM,IE00B4L5YC18,0.18
Indien,0.1464122,EUNM,IE00B4L5YC18,0.18
Indonesien,0.0113268,EUNM,IE00B4L5YC18,0.18
Irland,0.0384426,EUNM,IE00B4L5YC18,0.18
Kolumbien,0.0015628999999999999,EUNM,IE00B4L5YC18,0.18
Korea,0.1398027,EUNM,IE00B4L5YC18,0.18
Kuwait,0.0066717,EUNM,IE00B4L5YC18,0.18
Malaysia,0.0115589,EUNM,IE00B4L5YC18,0.18
Mexiko,0.0191236,EUNM,IE00B4L5YC18,0.18
Peru,0.0038394,EUNM,IE00B4L5YC18,0.18
Philippinen,0.0037216000000000003,EUNM,IE00B4L5YC18,0.18
Polen,0.0108358,EUNM,IE00B4L5YC18,0.18
Qatar,0.0064385,EUNM,IE00B4L5YC18,0.18
Russland,1.0000000000000001e-07,EUNM,IE00B4L5YC18,0.18
Saudi-Arabien,0.0276146,EUNM,IE00B4L5YC18,0.18
Südafrika,0.0370175,EUNM,IE00B4L5YC18,0.18
Taiwan,0.2086918,EUNM,IE00B4L5YC18,0.18
Thailand,0.0096735,EUNM,IE00B4L5YC18,0.18
Tschechien,0.0014835,EUNM,IE00B4L5YC18,0.18
Türkei,0.0043876,EUNM,IE00B4L5YC18,0.18
Ungarn,0.0030946999999999997,EUNM,IE00B4L5YC18,0.18
Ver. Arabische Emirate,0.014230999999999999,EUNM,IE00B4L5YC18,0.18
Vereinigte Staaten,0.0060006999999999994,EUNM,IE00B4L5YC18,0.18
Vereinigtes Königreich,2.5799999999999997e-05,EUNM,IE00B4L5YC18,0.18
Ägypten,0.0006077,EUNM,IE00B4L5YC18,0.18
--,0.0,IQQY,IE00B1YZSC51,0.12
Belgien,0.016542,IQQY,IE00B1YZSC51,0.12
Deutschland,0.1456121,IQQY,IE00B1YZSC51,0.12
Dänemark,0.030272,IQQY,IE00B1YZSC51,0.12
Europäische Union,0.0034124,IQQY,IE00B1YZSC51,0.12
Finnland,0.0172224,IQQY,IE00B1YZSC51,0.12
Frankreich,0.1586639,IQQY,IE00B1YZSC51,0.12
Irland,0.0083725,IQQY,IE00B1YZSC51,0.12
Italien,0.0489408,IQQY,IE00B1YZSC51,0.12
Mexiko,4.7e-06,IQQY,IE00B1YZSC51,0.12
Niederlande,0.0769799,IQQY,IE00B1YZSC51,0.12
Norwegen,0.0082557,IQQY,IE00B1YZSC51,0.12
Portugal,0.003056,IQQY,IE00B1YZSC51,0.12
Schweden,0.0553322,IQQY,IE00B1YZSC51,0.12
Schweiz,0.1420797,IQQY,IE00B1YZSC51,0.12
Spanien,0.0587566,IQQY,IE00B1YZSC51,0.12
Vereinigte Staaten,7.69e-05,IQQY,IE00B1YZSC51,0.12
Vereinigtes Königreich,0.2224755,IQQY,IE00B1YZSC51,0.12
Österreich,0.0039445,IQQY,IE00B1YZSC51,0.12
--,0.0,EUNK,IE00B4K48X80,0.12
Belgien,0.016617299999999998,EUNK,IE00B4K48X80,0.12
Deutschland,0.14549310000000001,EUNK,IE00B4K48X80,0.12
Dänemark,0.0302432,EUNK,IE00B4K48X80,0.12
Europäische Union,0.0028312000000000003,EUNK,IE00B4K48X80,0.12
Finnland,0.0172702,EUNK,IE00B4K48X80,0.12
Frankreich,0.1586058,EUNK,IE00B4K48X80,0.12
Irland,0.0102017,EUNK,IE00B4K48X80,0.12
Italien,0.0489736,EUNK,IE00B4K48X80,0.12
Niederlande,0.0769599,EUNK,IE00B4K48X80,0.12
Norwegen,0.0083679,EUNK,IE00B4K48X80,0.12
Portugal,0.0031998,EUNK,IE00B4K48X80,0.12
Schweden,0.0552252,EUNK,IE00B4K48X80,0.12
Schweiz,0.1414788,EUNK,IE00B4K48X80,0.12
Spanien,0.0586367,EUNK,IE00B4K48X80,0.12
Vereinigte Staaten,6.83e-05,EUNK,IE00B4K48X80,0.12
Vereinigtes Königreich,0.2218231,EUNK,IE00B4K48X80,0.12
Österreich,0.004004499999999999,EUNK,IE00B4K48X80,0.12
Belgien,0.0213883,IQQU,IE00B14X4N27,0.4
Deutschland,0.1875139,IQQU,IE00B14X4N27,0.4
Dänemark,0.0393211,IQQU,IE00B14X4N27,0.4
Europäische Union,0.0039049999999999996,IQQU,IE00B14X4N27,0.4
Finnland,0.0221795,IQQU,IE00B14X4N27,0.4
Frankreich,0.2040674,IQQU,IE00B14X4N27,0.4
Irland,0.0092279,IQQU,IE00B14X4N27,0.4
Italien,0.0632018,IQQU,IE00B14X4N27,0.4
Niederlande,0.0987609,IQQU,IE00B14X4N27,0.4
Norwegen,0.0108977,IQQU,IE00B14X4N27,0.4
Portugal,0.0039016,IQQU,IE00B14X4N27,0.4
Schweden,0.0710266,IQQU,IE00B14X4N27,0.4
Schweiz,0.1837048,IQQU,IE00B14X4N27,0.4
Spanien,0.0755107,IQQU,IE00B14X4N27,0.4
Vereinigte Staaten,0.0001002,IQQU,IE00B14X4N27,0.4
Vereinigtes Königreich,5.43e-05,IQQU,IE00B14X4N27,0.4
Österreich,0.005237899999999999,IQQU,IE00B14X4N27,0.4
--,0.0,IQQJ,IE00B02KXH56,0.12
Europäische Union,2.2e-06,IQQJ,IE00B02KXH56,0.12
Japan,0.9999558,IQQJ,IE00B02KXH56,0.12
Vereinigte Staaten,2.83e-05,IQQJ,IE00B02KXH56,0.12
Vereinigtes Königreich,1.3500000000000001e-05,IQQJ,IE00B02KXH56,0.12
--,0.0,EUNN,IE00B4L5YX21,0.12
Europäische Union,2.4599999999999998e-05,EUNN,IE00B4L5YX21,0.12
Japan,0.9981513,EUNN,IE00B4L5YX21,0.12
Mexiko,1.6000000000000001e-06,EUNN,IE00B4L5YX21,0.12
Vereinigte Staaten,0.0018059,EUNN,IE00B4L5YX21,0.12
Vereinigtes Königreich,1.86e-05,EUNN,IE00B4L5YX21,0.12
--,0.0,IQQN,IE00B14X4M10,0.4
Europäische Union,8.599999999999999e-06,IQQN,IE00B14X4M10,0.4
Irland,0.0007975,IQQN,IE00B14X4M10,0.4
Kanada,0.045181400000000004,IQQN,IE00B14X4M10,0.4
Vereinigte Staaten,0.9539685999999999,IQQN,IE00B14X4M10,0.4
Vereinigtes Königreich,4.43e-05,IQQN,IE00B14X4M10,0.4
--,0.0,IQQW,IE00B0M62Q58,0.5
Australien,0.015568499999999999,IQQW,IE00B0M62Q58,0.5
Belgien,0.0027574,IQQW,IE00B0M62Q58,0.5
Deutschland,0.0239582,IQQW,IE00B0M62Q58,0.5
Dänemark,0.0050215,IQQW,IE00B0M62Q58,0.5
Europäische Union,0.0003196,IQQW,IE00B0M62Q58,0.5
Finnland,0.0028339,IQQW,IE00B0M62Q58,0.5
Frankreich,0.0261147,IQQW,IE00B0M62Q58,0.5
Hongkong,0.0051857,IQQW,IE00B0M62Q58,0.5
Irland,0.0015496000000000002,IQQW,IE00B0M62Q58,0.5
Israel,0.0027882000000000002,IQQW,IE00B0M62Q58,0.5
Italien,0.0081356,IQQW,IE00B0M62Q58,0.5
Japan,0.054749,IQQW,IE00B0M62Q58,0.5
Kanada,0.0340336,IQQW,IE00B0M62Q58,0.5
Neuseeland,0.00038030000000000003,IQQW,IE00B0M62Q58,0.5
Niederlande,0.01265,IQQW,IE00B0M62Q58,0.5
Norwegen,0.0013472,IQQW,IE00B0M62Q58,0.5
Portugal,0.00045359999999999997,IQQW,IE00B0M62Q58,0.5
Schweden,0.0090935,IQQW,IE00B0M62Q58,0.5
Schweiz,0.0236122,IQQW,IE00B0M62Q58,0.5
Singapur,0.0042076,IQQW,IE00B0M62Q58,0.5
Spanien,0.0097504,IQQW,IE00B0M62Q58,0.5
Vereinigte Staaten,0.7179555,IQQW,IE00B0M62Q58,0.5
Vereinigtes Königreich,0.0368377,IQQW,IE00B0M62Q58,0.5
Österreich,0.0006972,IQQW,IE00B0M62Q58,0.5
--,0.0,EUNL,IE00B4L5Y983,0.2
Australien,0.0154384,EUNL,IE00B4L5Y983,0.2
Belgien,0.0027975,EUNL,IE00B4L5Y983,0.2
Deutschland,0.0239791,EUNL,IE00B4L5Y983,0.2
Dänemark,0.0049889,EUNL,IE00B4L5Y983,0.2
Europäische Union,0.0001651,EUNL,IE00B4L5Y983,0.2
Finnland,0.0028484,EUNL,IE00B4L5Y983,0.2
Frankreich,0.0261382,EUNL,IE00B4L5Y983,0.2
Hongkong,0.0050861,EUNL,IE00B4L5Y983,0.2
Irland,0.0023146,EUNL,IE00B4L5Y983,0.2
Israel,0.0027663,EUNL,IE00B4L5Y983,0.2
Italien,0.0080544,EUNL,IE00B4L5Y983,0.2
Japan,0.0544679,EUNL,IE00B4L5Y983,0.2
Kanada,0.0339189,EUNL,IE00B4L5Y983,0.2
Neuseeland,0.00041660000000000004,EUNL,IE00B4L5Y983,0.2
Niederlande,0.0127878,EUNL,IE00B4L5Y983,0.2
Norwegen,0.0014287,EUNL,IE00B4L5Y983,0.2
Portugal,0.0005041000000000001,EUNL,IE00B4L5Y983,0.2
Schweden,0.0091028,EUNL,IE00B4L5Y983,0.2
Schweiz,0.0232411,EUNL,IE00B4L5Y983,0.2
Singapur,0.0041588,EUNL,IE00B4L5Y983,0.2
Spanien,0.0097314,EUNL,IE00B4L5Y983,0.2
Vereinigte Staaten,0.7182272,EUNL,IE00B4L5Y983,0.2
Vereinigtes Königreich,0.0367738,EUNL,IE00B4L5Y983,0.2
Österreich,0.0006661,EUNL,IE00B4L5Y983,0.2
--,0.0,IBCH,IE00B441G979,0.55
Australien,0.0155492,IBCH,IE00B441G979,0.55
Belgien,0.0027387,IBCH,IE00B441G979,0.55
Deutschland,0.0240195,IBCH,IE00B441G979,0.55
Dänemark,0.005045399999999999,IBCH,IE00B441G979,0.55
Europäische Union,-0.0056258,IBCH,IE00B441G979,0.55
Finnland,0.0028081,IBCH,IE00B441G979,0.55
Frankreich,0.0261433,IBCH,IE00B441G979,0.55
Hongkong,0.0049749,IBCH,IE00B441G979,0.55
Irland,0.0061417,IBCH,IE00B441G979,0.55
Israel,0.0028126,IBCH,IE00B441G979,0.55
Italien,0.0080436,IBCH,IE00B441G979,0.55
Japan,0.055152,IBCH,IE00B441G979,0.55
Kanada,0.0340913,IBCH,IE00B441G979,0.55
Neuseeland,0.000455,IBCH,IE00B441G979,0.55
Niederlande,0.0126523,IBCH,IE00B441G979,0.55
Norwegen,0.0014037,IBCH,IE00B441G979,0.55
Portugal,0.0004986,IBCH,IE00B441G979,0.55
Schweden,0.0091287,IBCH,IE00B441G979,0.55
Schweiz,0.023591400000000002,IBCH,IE00B441G979,0.55
Singapur,0.0042361,IBCH,IE00B441G979,0.55
Spanien,0.0096824,IBCH,IE00B441G979,0.55
Vereinigte Staaten,0.7190494,IBCH,IE00B441G979,0.55
Vereinigtes Königreich,0.0366995,IBCH,IE00B441G979,0.55
Österreich,0.0007083,IBCH,IE00B441G979,0.55
--,0.0,EXXT,DE000A0F5UF5,0.3
China,0.0044218,EXXT,DE000A0F5UF5,0.3
Europäische Union,1.12e-05,EXXT,DE000A0F5UF5,0.3
Kanada,0.0143637,EXXT,DE000A0F5UF5,0.3
Niederlande,0.0079034,EXXT,DE000A0F5UF5,0.3
Spanien,0.0026949,EXXT,DE000A0F5UF5,0.3
Vereinigte Staaten,0.9667348,EXXT,DE000A0F5UF5,0.3
Vereinigtes Königreich,0.0038701,EXXT,DE000A0F5UF5,0.3
Europäische Union,5.9e-06,EXX7,DE000A0H08D2,0.51
Japan,0.999993,EXX7,DE000A0H08D2,0.51
--,0.0,IUSA,IE0031442068,0.07
Europäische Union,6e-07,IUSA,IE0031442068,0.07
Vereinigte Staaten,0.9999714,IUSA,IE0031442068,0.07
Vereinigtes Königreich,2.86e-05,IUSA,IE0031442068,0.07
--,0.0,IBCF,IE00B3ZW0K18,0.2
Europäische Union,-0.005567299999999999,IBCF,IE00B3ZW0K18,0.2
Irland,0.006201,IBCF,IE00B3ZW0K18,0.2
Vereinigte Staaten,0.99933,IBCF,IE00B3ZW0K18,0.2
Vereinigtes Königreich,3.5799999999999996e-05,IBCF,IE00B3ZW0K18,0.2
--,0.0,IS0E,IE00B6R52036,0.55
Australien,0.1049901,IS0E,IE00B6R52036,0.55
Brasilien,0.0020843999999999997,IS0E,IE00B6R52036,0.55
China,0.0621307,IS0E,IE00B6R52036,0.55
Europäische Union,5e-07,IS0E,IE00B6R52036,0.55
Hongkong,-1.91e-05,IS0E,IE00B6R52036,0.55
Japan,0.0019260000000000002,IS0E,IE00B6R52036,0.55
Kanada,0.5557041,IS0E,IE00B6R52036,0.55
Russland,0.0,IS0E,IE00B6R52036,0.55
Südafrika,0.1092607,IS0E,IE00B6R52036,0.55
Vereinigte Staaten,0.1451477,IS0E,IE00B6R52036,0.55
Vereinigtes Königreich,0.0187743,IS0E,IE00B6R52036,0.55
--,0.0,IQQH,IE00B1XNHC34,0.65
Brasilien,0.0882364,IQQH,IE00B1XNHC34,0.65
Chile,2.8e-05,IQQH,IE00B1XNHC34,0.65
China,0.1363021,IQQH,IE00B1XNHC34,0.65
Deutschland,0.0218305,IQQH,IE00B1XNHC34,0.65
Dänemark,0.08871269999999999,IQQH,IE00B1XNHC34,0.65
Europäische Union,0.0005185,IQQH,IE00B1XNHC34,0.65
Hongkong,0.0002195,IQQH,IE00B1XNHC34,0.65
Indien,0.0509206,IQQH,IE00B1XNHC34,0.65
Indonesien,0.009941299999999998,IQQH,IE00B1XNHC34,0.65
Israel,0.011074800000000001,IQQH,IE00B1XNHC34,0.65
Italien,0.0057899,IQQH,IE00B1XNHC34,0.65
Japan,0.0345051,IQQH,IE00B1XNHC34,0.65
Kanada,0.0215268,IQQH,IE00B1XNHC34,0.65
Korea,0.0130118,IQQH,IE00B1XNHC34,0.65
Neuseeland,0.0083636,IQQH,IE00B1XNHC34,0.65
Norwegen,1.83e-05,IQQH,IE00B1XNHC34,0.65
Portugal,0.0481145,IQQH,IE00B1XNHC34,0.65
Schweden,4.6e-06,IQQH,IE00B1XNHC34,0.65
Schweiz,0.0086743,IQQH,IE00B1XNHC34,0.65
Spanien,0.07526390000000001,IQQH,IE00B1XNHC34,0.65
Taiwan,0.0036048000000000005,IQQH,IE00B1XNHC34,0.65
Thailand,0.0013671,IQQH,IE00B1XNHC34,0.65
Türkei,0.0052668,IQQH,IE00B1XNHC34,0.65
Vereinigte Staaten,0.3549542,IQQH,IE00B1XNHC34,0.65
Vereinigtes Königreich,0.003146,IQQH,IE00B1XNHC34,0.65
Österreich,0.0086041,IQQH,IE00B1XNHC34,0.65
--,0.0,IQQQ,IE00B1TXK627,0.65
Australien,1.58e-05,IQQQ,IE00B1TXK627,0.65
Brasilien,0.10524570000000001,IQQQ,IE00B1TXK627,0.65
China,0.014299899999999999,IQQQ,IE00B1TXK627,0.65
Dänemark,1.76e-05,IQQQ,IE00B1TXK627,0.65
Europäische Union,0.0004214,IQQQ,IE00B1TXK627,0.65
Finnland,0.0049445,IQQQ,IE00B1TXK627,0.65
Hongkong,3.56e-05,IQQQ,IE00B1TXK627,0.65
Indien,0.016354900000000002,IQQQ,IE00B1TXK627,0.65
Irland,6e-07,IQQQ,IE00B1TXK627,0.65
Israel,5.3e-06,IQQQ,IE00B1TXK627,0.65
Italien,0.0080725,IQQQ,IE00B1TXK627,0.65
Japan,0.0266091,IQQQ,IE00B1TXK627,0.65
Kanada,1.5e-05,IQQQ,IE00B1TXK627,0.65
Korea,0.005180800000000001,IQQQ,IE00B1TXK627,0.65
Mexiko,3.09e-05,IQQQ,IE00B1TXK627,0.65
Niederlande,0.009567299999999999,IQQQ,IE00B1TXK627,0.65
Saudi-Arabien,0.0048269,IQQQ,IE00B1TXK627,0.65
Schweden,1.3500000000000001e-05,IQQQ,IE00B1TXK627,0.65
Schweiz,0.0750827,IQQQ,IE00B1TXK627,0.65
Singapur,1.53e-05,IQQQ,IE00B1TXK627,0.65
Taiwan,0.0007465,IQQQ,IE00B1TXK627,0.65
Thailand,0.0009237,IQQQ,IE00B1TXK627,0.65
Vereinigte Staaten,0.5837432,IQQQ,IE00B1TXK627,0.65
Vereinigtes Königreich,0.1369183,IQQQ,IE00B1TXK627,0.65
Österreich,0.0069131,IQQQ,IE00B1TXK627,0.65
--,0.0,IQQL,IE00B1TXHL60,0.75
Australien,0.028958699999999997,IQQL,IE00B1TXHL60,0.75
Belgien,0.0059237,IQQL,IE00B1TXHL60,0.75
Brasilien,0.0015048,IQQL,IE00B1TXHL60,0.75
Deutschland,0.0024069,IQQL,IE00B1TXHL60,0.75
Europäische Union,0.0003238,IQQL,IE00B1TXHL60,0.75
Frankreich,0.0276394,IQQL,IE00B1TXHL60,0.75
Guernsey,0.0249705,IQQL,IE00B1TXHL60,0.75
Hongkong,0.0,IQQL,IE00B1TXHL60,0.75
Irland,0.0001537,IQQL,IE00B1TXHL60,0.75
Japan,0.0052544,IQQL,IE00B1TXHL60,0.75
Jersey,0.0152786,IQQL,IE00B1TXHL60,0.75
Kanada,0.1455046,IQQL,IE00B1TXHL60,0.75
Korea,0.0033401999999999998,IQQL,IE00B1TXHL60,0.75
Schweden,0.0661833,IQQL,IE00B1TXHL60,0.75
Schweiz,0.0498072,IQQL,IE00B1TXHL60,0.75
Vereinigte Staaten,0.4827398,IQQL,IE00B1TXHL60,0.75
Vereinigtes Königreich,0.1400104,IQQL,IE00B1TXHL60,0.75
--,0.0,IUS3,IE00B2QWCY14,0.3
Europäische Union,2.5999999999999997e-06,IUS3,IE00B2QWCY14,0.3
Irland,0.0069147,IUS3,IE00B2QWCY14,0.3
Vereinigte Staaten,0.9929093,IUS3,IE00B2QWCY14,0.3
Vereinigtes Königreich,0.0001737,IUS3,IE00B2QWCY14,0.3
Belgien,0.0177738,EXSA,DE0002635307,0.2
Deutschland,0.1395725,EXSA,DE0002635307,0.2
Dänemark,0.0311911,EXSA,DE0002635307,0.2
Europäische Union,0.003661,EXSA,DE0002635307,0.2
Finnland,0.0185911,EXSA,DE0002635307,0.2
Frankreich,0.1606793,EXSA,DE0002635307,0.2
Georgien,2e-06,EXSA,DE0002635307,0.2
Irland,0.0067676,EXSA,DE0002635307,0.2
Italien,0.0517412,EXSA,DE0002635307,0.2
Niederlande,0.0693947,EXSA,DE0002635307,0.2
Norwegen,0.0103401,EXSA,DE0002635307,0.2
Polen,0.0070562,EXSA,DE0002635307,0.2
Portugal,0.0029246999999999997,EXSA,DE0002635307,0.2
Schweden,0.0494749,EXSA,DE0002635307,0.2
Schweiz,0.1376698,EXSA,DE0002635307,0.2
Spanien,0.0569372,EXSA,DE0002635307,0.2
Vereinigte Staaten,0.0020819000000000002,EXSA,DE0002635307,0.2
Vereinigtes Königreich,0.2286675,EXSA,DE0002635307,0.2
Österreich,0.0054725,EXSA,DE0002635307,0.2
Belgien,0.0156873,EXV1,DE000A0F5UJ7,0.47
Deutschland,0.0494603,EXV1,DE000A0F5UJ7,0.47
Dänemark,0.0239231,EXV1,DE000A0F5UJ7,0.47
Europäische Union,0.006304599999999999,EXV1,DE000A0F5UJ7,0.47
Finnland,0.0294727,EXV1,DE000A0F5UJ7,0.47
Frankreich,0.08873210000000001,EXV1,DE000A0F5UJ7,0.47
Georgien,1.47e-05,EXV1,DE000A0F5UJ7,0.47
Irland,0.0194999,EXV1,DE000A0F5UJ7,0.47
Italien,0.1491993,EXV1,DE000A0F5UJ7,0.47
Niederlande,0.050218399999999996,EXV1,DE000A0F5UJ7,0.47
Norwegen,0.0131284,EXV1,DE000A0F5UJ7,0.47
Polen,0.0193544,EXV1,DE000A0F5UJ7,0.47
Portugal,0.0044828,EXV1,DE000A0F5UJ7,0.47
Schweden,0.0444384,EXV1,DE000A0F5UJ7,0.47
Schweiz,0.0035023999999999997,EXV1,DE000A0F5UJ7,0.47
Spanien,0.18466090000000002,EXV1,DE000A0F5UJ7,0.47
Vereinigte Staaten,5e-07,EXV1,DE000A0F5UJ7,0.47
Vereinigtes Königreich,0.2721223,EXV1,DE000A0F5UJ7,0.47
Österreich,0.025797200000000003,EXV1,DE000A0F5UJ7,0.47
--,0.0,ISPA,DE000A0F5UH1,0.46
Australien,0.1196265,ISPA,DE000A0F5UH1,0.46
Belgien,0.0091672,ISPA,DE000A0F5UH1,0.46
Deutschland,0.0421367,ISPA,DE000A0F5UH1,0.46
Dänemark,0.026471999999999996,ISPA,DE000A0F5UH1,0.46
Europäische Union,0.0022892,ISPA,DE000A0F5UH1,0.46
Frankreich,0.0461305,ISPA,DE000A0F5UH1,0.46
Hongkong,0.137337,ISPA,DE000A0F5UH1,0.46
Italien,0.0249987,ISPA,DE000A0F5UH1,0.46
Japan,0.0621295,ISPA,DE000A0F5UH1,0.46
Kanada,0.0873799,ISPA,DE000A0F5UH1,0.46
Neuseeland,0.0077985,ISPA,DE000A0F5UH1,0.46
Niederlande,0.0711518,ISPA,DE000A0F5UH1,0.46
Norwegen,0.018333699999999998,ISPA,DE000A0F5UH1,0.46
Polen,0.0142124,ISPA,DE000A0F5UH1,0.46
Schweden,2.63e-05,ISPA,DE000A0F5UH1,0.46
Schweiz,0.011013,ISPA,DE000A0F5UH1,0.46
Singapur,0.0421778,ISPA,DE000A0F5UH1,0.46
Spanien,0.0101871,ISPA,DE000A0F5UH1,0.46
Vereinigte Staaten,0.164401,ISPA,DE000A0F5UH1,0.46
Vereinigtes Königreich,0.1030311,ISPA,DE000A0F5UH1,0.46
--,0.0,SXRG,IE00B3VWM098,0.43
Europäische Union,4.6e-06,SXRG,IE00B3VWM098,0.43
Irland,0.0008033999999999999,SXRG,IE00B3VWM098,0.43
Vereinigte Staaten,0.999115,SXRG,IE00B3VWM098,0.43
Vereinigtes Königreich,7.8e-05,SXRG,IE00B3VWM098,0.43
Belgien,0.0233572,SXRT,IE00B53L3W79,0.1
Deutschland,0.3020633,SXRT,IE00B53L3W79,0.1
Europäische Union,0.0023596,SXRT,IE00B53L3W79,0.1
Finnland,0.0123775,SXRT,IE00B53L3W79,0.1
Frankreich,0.329107,SXRT,IE00B53L3W79,0.1
Irland,0.0007522,SXRT,IE00B53L3W79,0.1
Italien,0.07991670000000001,SXRT,IE00B53L3W79,0.1
Niederlande,0.1459089,SXRT,IE00B53L3W79,0.1
Schweden,1.87e-05,SXRT,IE00B53L3W79,0.1
Spanien,0.10411680000000001,SXRT,IE00B53L3W79,0.1
Vereinigte Staaten,1.2e-06,SXRT,IE00B53L3W79,0.1
Vereinigtes Königreich,2.0799999999999997e-05,SXRT,IE00B53L3W79,0.1
--,0.0,SXRU,IE00B53L4350,0.33
Europäische Union,1e-06,SXRU,IE00B53L4350,0.33
Irland,0.0012152999999999999,SXRU,IE00B53L4350,0.33
Vereinigte Staaten,0.9987134,SXRU,IE00B53L4350,0.33
Vereinigtes Königreich,7.03e-05,SXRU,IE00B53L4350,0.33
--,0.0,SXRW,IE00B53HP851,0.07
Europäische Union,4.3e-05,SXRW,IE00B53HP851,0.07
Griechenland,0.0017098,SXRW,IE00B53HP851,0.07
Guernsey,0.0024536,SXRW,IE00B53HP851,0.07
Irland,0.0015010000000000002,SXRW,IE00B53HP851,0.07
Niederlande,0.005645099999999999,SXRW,IE00B53HP851,0.07
Spanien,0.0060766,SXRW,IE00B53HP851,0.07
Vereinigte Staaten,7.19e-05,SXRW,IE00B53HP851,0.07
Vereinigtes Königreich,0.9824993,SXRW,IE00B53HP851,0.07
--,0.0,SXR2,IE00B52SF786,0.48
Europäische Union,7.2999999999999996e-06,SXR2,IE00B52SF786,0.48
Kanada,1.0054804,SXR2,IE00B52SF786,0.48
Vereinigte Staaten,-0.005517,SXR2,IE00B52SF786,0.48
Vereinigtes Königreich,2.9199999999999998e-05,SXR2,IE00B52SF786,0.48
--,0.0,CEBL,IE00B5L8K969,0.2
China,0.29004019999999997,CEBL,IE00B5L8K969,0.2
Europäische Union,3.9e-06,CEBL,IE00B5L8K969,0.2
Hongkong,-0.0017746,CEBL,IE00B5L8K969,0.2
Indien,0.1806276,CEBL,IE00B5L8K969,0.2
Indonesien,0.0141143,CEBL,IE00B5L8K969,0.2
Irland,0.049263100000000004,CEBL,IE00B5L8K969,0.2
Korea,0.173349,CEBL,IE00B5L8K969,0.2
Malaysia,0.0144057,CEBL,IE00B5L8K969,0.2
Philippinen,0.004667,CEBL,IE00B5L8K969,0.2
Taiwan,0.257367,CEBL,IE00B5L8K969,0.2
Thailand,0.0118451,CEBL,IE00B5L8K969,0.2
Vereinigte Staaten,0.006085899999999999,CEBL,IE00B5L8K969,0.2
Vereinigtes Königreich,5.4e-06,CEBL,IE00B5L8K969,0.2
Belgien,0.0308781,SXR7,IE00B53QG562,0.12
Deutschland,0.2701831,SXR7,IE00B53QG562,0.12
Europäische Union,0.00316,SXR7,IE00B53QG562,0.12
Finnland,0.0319083,SXR7,IE00B53QG562,0.12
Frankreich,0.2941063,SXR7,IE00B53QG562,0.12
Irland,0.0144759,SXR7,IE00B53QG562,0.12
Italien,0.0909225,SXR7,IE00B53QG562,0.12
Mexiko,1.2999999999999998e-06,SXR7,IE00B53QG562,0.12
Niederlande,0.1421989,SXR7,IE00B53QG562,0.12
Portugal,0.0055292,SXR7,IE00B53QG562,0.12
Spanien,0.1088048,SXR7,IE00B53QG562,0.12
Vereinigte Staaten,0.0001552,SXR7,IE00B53QG562,0.12
Vereinigtes Königreich,1.9e-05,SXR7,IE00B53QG562,0.12
Österreich,0.0076567,SXR7,IE00B53QG562,0.12
--,0.0,SXR5,IE00B53QDK08,0.12
Europäische Union,2e-06,SXR5,IE00B53QDK08,0.12
Irland,0.0107374,SXR5,IE00B53QDK08,0.12
Japan,0.9872487,SXR5,IE00B53QDK08,0.12
Vereinigte Staaten,0.001993,SXR5,IE00B53QDK08,0.12
Vereinigtes Königreich,1.84e-05,SXR5,IE00B53QDK08,0.12
--,0.0,SXR1,IE00B52MJY50,0.2
Australien,0.6132762,SXR1,IE00B52MJY50,0.2
Europäische Union,5.199999999999999e-06,SXR1,IE00B52MJY50,0.2
Hongkong,0.19879059999999998,SXR1,IE00B52MJY50,0.2
Irland,0.0014689,SXR1,IE00B52MJY50,0.2
Neuseeland,0.0171156,SXR1,IE00B52MJY50,0.2
Singapur,0.1672755,SXR1,IE00B52MJY50,0.2
Vereinigte Staaten,0.0020553,SXR1,IE00B52MJY50,0.2
Vereinigtes Königreich,1.31e-05,SXR1,IE00B52MJY50,0.2
--,0.0,SXR4,IE00B52SFT06,0.03
Europäische Union,1.4e-06,SXR4,IE00B52SFT06,0.03
Irland,8.36e-05,SXR4,IE00B52SFT06,0.03
Kanada,2.0000000000000002e-07,SXR4,IE00B52SFT06,0.03
Vereinigte Staaten,0.9998902,SXR4,IE00B52SFT06,0.03
Vereinigtes Königreich,2.39e-05,SXR4,IE00B52SFT06,0.03
--,0.0,SXRV,IE00B53SZB19,0.3
China,0.0044147,SXRV,IE00B53SZB19,0.3
Europäische Union,9.769999999999999e-05,SXRV,IE00B53SZB19,0.3
Irland,0.0019384,SXRV,IE00B53SZB19,0.3
Kanada,0.014311,SXRV,IE00B53SZB19,0.3
Niederlande,0.0078897,SXRV,IE00B53SZB19,0.3
Spanien,0.0026912000000000004,SXRV,IE00B53SZB19,0.3
Vereinigte Staaten,0.9648082,SXRV,IE00B53SZB19,0.3
Vereinigtes Königreich,0.0038488,SXRV,IE00B53SZB19,0.3
Europäische Union,2.3e-05,SXRZ,IE00B52MJD48,0.48
Japan,0.9999153000000001,SXRZ,IE00B52MJD48,0.48
Vereinigtes Königreich,6.1000000000000005e-05,SXRZ,IE00B52MJD48,0.48
--,0.0,SXR8,IE00B5BMR087,0.07
Europäische Union,1.0000000000000001e-07,SXR8,IE00B5BMR087,0.07
Mexiko,1.2600000000000001e-05,SXR8,IE00B5BMR087,0.07
Vereinigte Staaten,0.9999599,SXR8,IE00B5BMR087,0.07
Vereinigtes Königreich,2.5799999999999997e-05,SXR8,IE00B5BMR087,0.07
--,0.0,IS3N,IE00BKM4GZ66,0.18
Brasilien,0.0378493,IS3N,IE00BKM4GZ66,0.18
Chile,0.0064101,IS3N,IE00BKM4GZ66,0.18
China,0.2520138,IS3N,IE00BKM4GZ66,0.18
Deutschland,0.0048363,IS3N,IE00BKM4GZ66,0.18
Europäische Union,3.4e-05,IS3N,IE00BKM4GZ66,0.18
Griechenland,0.0063956,IS3N,IE00BKM4GZ66,0.18
Hongkong,0.0005652000000000001,IS3N,IE00BKM4GZ66,0.18
Indien,0.1578512,IS3N,IE00BKM4GZ66,0.18
Indonesien,0.012993300000000001,IS3N,IE00BKM4GZ66,0.18
Irland,0.0023765999999999995,IS3N,IE00BKM4GZ66,0.18
Kanada,1.8500000000000002e-05,IS3N,IE00BKM4GZ66,0.18
Kolumbien,0.0018823000000000002,IS3N,IE00BKM4GZ66,0.18
Korea,0.1400359,IS3N,IE00BKM4GZ66,0.18
Kuwait,0.007281,IS3N,IE00BKM4GZ66,0.18
Malaysia,0.013758,IS3N,IE00BKM4GZ66,0.18
Mexiko,0.0186134,IS3N,IE00BKM4GZ66,0.18
Peru,0.0034159999999999998,IS3N,IE00BKM4GZ66,0.18
Philippinen,0.0043371,IS3N,IE00BKM4GZ66,0.18
Polen,0.0118405,IS3N,IE00BKM4GZ66,0.18
Qatar,0.0065646,IS3N,IE00BKM4GZ66,0.18
Russland,1e-06,IS3N,IE00BKM4GZ66,0.18
Saudi-Arabien,0.0260814,IS3N,IE00BKM4GZ66,0.18
Schweiz,0.0,IS3N,IE00BKM4GZ66,0.18
Singapur,3.6000000000000003e-06,IS3N,IE00BKM4GZ66,0.18
Südafrika,0.038020200000000004,IS3N,IE00BKM4GZ66,0.18
Taiwan,0.2077031,IS3N,IE00BKM4GZ66,0.18
Thailand,0.0112642,IS3N,IE00BKM4GZ66,0.18
Tschechien,0.0014071,IS3N,IE00BKM4GZ66,0.18
Türkei,0.006737,IS3N,IE00BKM4GZ66,0.18
Ungarn,0.0029,IS3N,IE00BKM4GZ66,0.18
Ver. Arabische Emirate,0.0142333,IS3N,IE00BKM4GZ66,0.18
Vereinigte Staaten,0.0018260999999999998,IS3N,IE00BKM4GZ66,0.18
Vereinigtes Königreich,1.96e-05,IS3N,IE00BKM4GZ66,0.18
Ägypten,0.0007317000000000001,IS3N,IE00BKM4GZ66,0.18
--,0.0,IS3S,IE00BP3QZB59,0.25
Australien,0.0029156,IS3S,IE00BP3QZB59,0.25
Belgien,0.0012706000000000002,IS3S,IE00BP3QZB59,0.25
Deutschland,0.0592569,IS3S,IE00BP3QZB59,0.25
Dänemark,0.0045861,IS3S,IE00BP3QZB59,0.25
Europäische Union,-0.0009956,IS3S,IE00BP3QZB59,0.25
Finnland,0.0099936,IS3S,IE00BP3QZB59,0.25
Frankreich,0.06662,IS3S,IE00BP3QZB59,0.25
Hongkong,0.0147567,IS3S,IE00BP3QZB59,0.25
Irland,0.0033905000000000003,IS3S,IE00BP3QZB59,0.25
Israel,0.0071464,IS3S,IE00BP3QZB59,0.25
Italien,0.0222889,IS3S,IE00BP3QZB59,0.25
Japan,0.2108293,IS3S,IE00BP3QZB59,0.25
Kanada,0.0162548,IS3S,IE00BP3QZB59,0.25
Niederlande,0.015603,IS3S,IE00BP3QZB59,0.25
Norwegen,0.0036242,IS3S,IE00BP3QZB59,0.25
Portugal,0.0006184,IS3S,IE00BP3QZB59,0.25
Schweden,0.009411000000000001,IS3S,IE00BP3QZB59,0.25
Schweiz,0.0089238,IS3S,IE00BP3QZB59,0.25
Singapur,0.0041677,IS3S,IE00BP3QZB59,0.25
Spanien,0.0203502,IS3S,IE00BP3QZB59,0.25
Vereinigte Staaten,0.4321951,IS3S,IE00BP3QZB59,0.25
Vereinigtes Königreich,0.0846054,IS3S,IE00BP3QZB59,0.25
Österreich,0.0021878,IS3S,IE00BP3QZB59,0.25
--,0.0,IS3R,IE00BP3QZ825,0.25
Australien,0.0050817,IS3R,IE00BP3QZ825,0.25
Belgien,0.0016955,IS3R,IE00BP3QZ825,0.25
Deutschland,0.0357605,IS3R,IE00BP3QZ825,0.25
Dänemark,0.0007627,IS3R,IE00BP3QZ825,0.25
Europäische Union,-0.0010027,IS3R,IE00BP3QZ825,0.25
Finnland,0.0042449,IS3R,IE00BP3QZ825,0.25
Frankreich,0.0246935,IS3R,IE00BP3QZ825,0.25
Hongkong,0.0090836,IS3R,IE00BP3QZ825,0.25
Irland,0.0048481999999999996,IS3R,IE00BP3QZ825,0.25
Israel,0.0093636,IS3R,IE00BP3QZ825,0.25
Italien,0.0210653,IS3R,IE00BP3QZ825,0.25
Japan,0.0807127,IS3R,IE00BP3QZ825,0.25
Kanada,0.0660177,IS3R,IE00BP3QZ825,0.25
Neuseeland,1.2600000000000001e-05,IS3R,IE00BP3QZ825,0.25
Niederlande,0.0200149,IS3R,IE00BP3QZ825,0.25
Norwegen,0.0003883,IS3R,IE00BP3QZ825,0.25
Portugal,0.0003169,IS3R,IE00BP3QZ825,0.25
Schweden,0.0078682,IS3R,IE00BP3QZ825,0.25
Schweiz,0.0158086,IS3R,IE00BP3QZ825,0.25
Singapur,0.010976000000000001,IS3R,IE00BP3QZ825,0.25
Spanien,0.0384317,IS3R,IE00BP3QZ825,0.25
Vereinigte Staaten,0.5855193,IS3R,IE00BP3QZ825,0.25
Vereinigtes Königreich,0.0558462,IS3R,IE00BP3QZ825,0.25
Österreich,0.0024908,IS3R,IE00BP3QZ825,0.25
--,0.0,IS3Q,IE00BP3QZ601,0.25
Australien,0.0159319,IS3Q,IE00BP3QZ601,0.25
Belgien,0.0004552,IS3Q,IE00BP3QZ601,0.25
Deutschland,0.0138024,IS3Q,IE00BP3QZ601,0.25
Dänemark,0.0097418,IS3Q,IE00BP3QZ601,0.25
Europäische Union,-0.0004922,IS3Q,IE00BP3QZ601,0.25
Finnland,0.0019784,IS3Q,IE00BP3QZ601,0.25
Frankreich,0.013813200000000001,IS3Q,IE00BP3QZ601,0.25
Hongkong,0.008623,IS3Q,IE00BP3QZ601,0.25
Irland,0.00018669999999999998,IS3Q,IE00BP3QZ601,0.25
Israel,0.0007413,IS3Q,IE00BP3QZ601,0.25
Italien,0.008884900000000001,IS3Q,IE00BP3QZ601,0.25
Japan,0.028614,IS3Q,IE00BP3QZ601,0.25
Kanada,0.0141421,IS3Q,IE00BP3QZ601,0.25
Neuseeland,0.0003569,IS3Q,IE00BP3QZ601,0.25
Niederlande,0.0297355,IS3Q,IE00BP3QZ601,0.25
Norwegen,0.0017602,IS3Q,IE00BP3QZ601,0.25
Schweden,0.005474,IS3Q,IE00BP3QZ601,0.25
Schweiz,0.043858799999999996,IS3Q,IE00BP3QZ601,0.25
Singapur,0.0009784,IS3Q,IE00BP3QZ601,0.25
Spanien,0.0233234,IS3Q,IE00BP3QZ601,0.25
Vereinigte Staaten,0.7348807,IS3Q,IE00BP3QZ601,0.25
Vereinigtes Königreich,0.0418478,IS3Q,IE00BP3QZ601,0.25
Österreich,0.0013617,IS3Q,IE00BP3QZ601,0.25
--,0.0,CEMS,IE00BQN1K901,0.25
Belgien,0.008405300000000001,CEMS,IE00BQN1K901,0.25
Deutschland,0.2332776,CEMS,IE00BQN1K901,0.25
Dänemark,0.0168147,CEMS,IE00BQN1K901,0.25
Europäische Union,0.0010481,CEMS,IE00BQN1K901,0.25
Finnland,0.0207353,CEMS,IE00BQN1K901,0.25
Frankreich,0.2191013,CEMS,IE00BQN1K901,0.25
Irland,0.0157371,CEMS,IE00BQN1K901,0.25
Italien,0.0555798,CEMS,IE00BQN1K901,0.25
Niederlande,0.0489007,CEMS,IE00BQN1K901,0.25
Norwegen,0.0066543999999999996,CEMS,IE00BQN1K901,0.25
Portugal,0.0017908,CEMS,IE00BQN1K901,0.25
Schweden,0.041941900000000004,CEMS,IE00BQN1K901,0.25
Schweiz,0.040782799999999994,CEMS,IE00BQN1K901,0.25
Spanien,0.0629318,CEMS,IE00BQN1K901,0.25
Vereinigte Staaten,4.8700000000000005e-05,CEMS,IE00BQN1K901,0.25
Vereinigtes Königreich,0.2199348,CEMS,IE00BQN1K901,0.25
Österreich,0.0063148,CEMS,IE00BQN1K901,0.25
China,0.9998486,36BZ,IE00BQT3WG13,0.4
Europäische Union,5.47e-05,36BZ,IE00BQT3WG13,0.4
Vereinigte Staaten,9.570000000000001e-05,36BZ,IE00BQT3WG13,0.4
--,0.0,QDVG,IE00B43HR379,0.15
Europäische Union,2.3e-06,QDVG,IE00B43HR379,0.15
Vereinigte Staaten,0.9999472,QDVG,IE00B43HR379,0.15
Vereinigtes Königreich,5.1000000000000006e-05,QDVG,IE00B43HR379,0.15
--,0.0,QDVE,IE00B3WJKG14,0.15
Europäische Union,1.2999999999999998e-06,QDVE,IE00B3WJKG14,0.15
Irland,0.0001351,QDVE,IE00B3WJKG14,0.15
Vereinigte Staaten,0.9998360000000001,QDVE,IE00B3WJKG14,0.15
Vereinigtes Königreich,2.72e-05,QDVE,IE00B3WJKG14,0.15
--,0.0,QDVH,IE00B4JNQZ49,0.15
Europäische Union,1.65e-05,QDVH,IE00B4JNQZ49,0.15
Vereinigte Staaten,0.9999762999999999,QDVH,IE00B4JNQZ49,0.15
Vereinigtes Königreich,7.4e-06,QDVH,IE00B4JNQZ49,0.15
--,0.0,QDVR,IE00BYVJRR92,0.2
Europäische Union,6.34e-05,QDVR,IE00BYVJRR92,0.2
Irland,0.0010421,QDVR,IE00BYVJRR92,0.2
Vereinigte Staaten,0.9988912,QDVR,IE00BYVJRR92,0.2
Vereinigtes Königreich,3.8e-06,QDVR,IE00BYVJRR92,0.2
--,0.0,QDVS,IE00BYVJRP78,0.25
Brasilien,0.0249388,QDVS,IE00BYVJRP78,0.25
Chile,0.0106711,QDVS,IE00BYVJRP78,0.25
China,0.2010617,QDVS,IE00BYVJRP78,0.25
Europäische Union,2.1099999999999998e-05,QDVS,IE00BYVJRP78,0.25
Griechenland,0.0038688,QDVS,IE00BYVJRP78,0.25
Hongkong,0.0001035,QDVS,IE00BYVJRP78,0.25
Indien,0.1435484,QDVS,IE00BYVJRP78,0.25
Indonesien,1.5100000000000001e-05,QDVS,IE00BYVJRP78,0.25
Kolumbien,0.006740299999999999,QDVS,IE00BYVJRP78,0.25
Korea,0.0794357,QDVS,IE00BYVJRP78,0.25
Malaysia,0.0355814,QDVS,IE00BYVJRP78,0.25
Mexiko,0.0227753,QDVS,IE00BYVJRP78,0.25
Peru,0.0080509,QDVS,IE00BYVJRP78,0.25
Philippinen,8.3e-06,QDVS,IE00BYVJRP78,0.25
Polen,0.0094899,QDVS,IE00BYVJRP78,0.25
Qatar,8.3e-06,QDVS,IE00BYVJRP78,0.25
Russland,0.0,QDVS,IE00BYVJRP78,0.25
Saudi-Arabien,0.005053500000000001,QDVS,IE00BYVJRP78,0.25
Südafrika,0.098828,QDVS,IE00BYVJRP78,0.25
Taiwan,0.3073256,QDVS,IE00BYVJRP78,0.25
Thailand,0.016475,QDVS,IE00BYVJRP78,0.25
Tschechien,0.0026966,QDVS,IE00BYVJRP78,0.25
Türkei,0.0021481,QDVS,IE00BYVJRP78,0.25
Ungarn,9e-06,QDVS,IE00BYVJRP78,0.25
Ver. Arabische Emirate,0.0173552,QDVS,IE00BYVJRP78,0.25
Vereinigte Staaten,0.0014842,QDVS,IE00BYVJRP78,0.25
Ägypten,0.0023059,QDVS,IE00BYVJRP78,0.25
--,0.0,2B76,IE00BYZK4552,0.4
Australien,0.0048583,2B76,IE00BYZK4552,0.4
Brasilien,0.0030583999999999997,2B76,IE00BYZK4552,0.4
China,0.0035645999999999994,2B76,IE00BYZK4552,0.4
Deutschland,0.06824380000000001,2B76,IE00BYZK4552,0.4
Dänemark,1e-06,2B76,IE00BYZK4552,0.4
Europäische Union,0.0001399,2B76,IE00BYZK4552,0.4
Finnland,0.0211514,2B76,IE00BYZK4552,0.4
Frankreich,0.015051799999999999,2B76,IE00BYZK4552,0.4
Hongkong,1.97e-05,2B76,IE00BYZK4552,0.4
Indien,0.0008156,2B76,IE00BYZK4552,0.4
Israel,0.0129973,2B76,IE00BYZK4552,0.4
Japan,0.15882269999999998,2B76,IE00BYZK4552,0.4
Kanada,0.0243448,2B76,IE00BYZK4552,0.4
Korea,0.0047238,2B76,IE00BYZK4552,0.4
Malaysia,0.00029360000000000003,2B76,IE00BYZK4552,0.4
Mexiko,2.9999999999999997e-06,2B76,IE00BYZK4552,0.4
Neuseeland,9.000000000000001e-07,2B76,IE00BYZK4552,0.4
Niederlande,0.0011355,2B76,IE00BYZK4552,0.4
Norwegen,0.0010898000000000001,2B76,IE00BYZK4552,0.4
Polen,0.0,2B76,IE00BYZK4552,0.4
Schweden,0.0183048,2B76,IE00BYZK4552,0.4
Schweiz,0.0362001,2B76,IE00BYZK4552,0.4
Singapur,1.1e-06,2B76,IE00BYZK4552,0.4
Südafrika,2.5e-06,2B76,IE00BYZK4552,0.4
Taiwan,0.0222811,2B76,IE00BYZK4552,0.4
Tschechien,3.2000000000000003e-06,2B76,IE00BYZK4552,0.4
Türkei,1.08e-05,2B76,IE00BYZK4552,0.4
Ungarn,2.5e-06,2B76,IE00BYZK4552,0.4
Ver. Arabische Emirate,1e-06,2B76,IE00BYZK4552,0.4
Vereinigte Staaten,0.577444,2B76,IE00BYZK4552,0.4
Vereinigtes Königreich,0.0254339,2B76,IE00BYZK4552,0.4
--,0.0,QDVI,IE00BD1F4M44,0.2
Europäische Union,1.67e-05,QDVI,IE00BD1F4M44,0.2
Vereinigte Staaten,0.9999264999999999,QDVI,IE00BD1F4M44,0.2
Vereinigtes Königreich,5.72e-05,QDVI,IE00BD1F4M44,0.2
--,0.0,OM3X,IE00BD3RYZ16,0.1
Europäische Union,0.0066875,OM3X,IE00BD3RYZ16,0.1
Finnland,0.0113912,OM3X,IE00BD3RYZ16,0.1
Kanada,0.0007519,OM3X,IE00BD3RYZ16,0.1
Schweden,0.9142071,OM3X,IE00BD3RYZ16,0.1
Schweiz,0.0308494,OM3X,IE00BD3RYZ16,0.1
Vereinigte Staaten,0.0036974,OM3X,IE00BD3RYZ16,0.1
Vereinigtes Königreich,0.032416,OM3X,IE00BD3RYZ16,0.1
--,0.0,QDVW,IE00BYYHSQ67,0.38
Australien,0.0167282,QDVW,IE00BYYHSQ67,0.38
Belgien,0.0048116999999999995,QDVW,IE00BYYHSQ67,0.38
Deutschland,0.0597453,QDVW,IE00BYYHSQ67,0.38
Dänemark,0.0047774,QDVW,IE00BYYHSQ67,0.38
Europäische Union,9.15e-05,QDVW,IE00BYYHSQ67,0.38
Finnland,0.0084859,QDVW,IE00BYYHSQ67,0.38
Frankreich,0.0447957,QDVW,IE00BYYHSQ67,0.38
Hongkong,0.0093322,QDVW,IE00BYYHSQ67,0.38
Irland,0.0026679000000000004,QDVW,IE00BYYHSQ67,0.38
Israel,0.0014333,QDVW,IE00BYYHSQ67,0.38
Italien,0.0231123,QDVW,IE00BYYHSQ67,0.38
Japan,0.0833607,QDVW,IE00BYYHSQ67,0.38
Kanada,0.0283622,QDVW,IE00BYYHSQ67,0.38
Neuseeland,0.000544,QDVW,IE00BYYHSQ67,0.38
Niederlande,0.018086500000000002,QDVW,IE00BYYHSQ67,0.38
Norwegen,0.0039548000000000005,QDVW,IE00BYYHSQ67,0.38
Schweden,0.0169431,QDVW,IE00BYYHSQ67,0.38
Schweiz,0.0710583,QDVW,IE00BYYHSQ67,0.38
Singapur,0.0131141,QDVW,IE00BYYHSQ67,0.38
Spanien,0.0291101,QDVW,IE00BYYHSQ67,0.38
Vereinigte Staaten,0.5252117,QDVW,IE00BYYHSQ67,0.38
Vereinigtes Königreich,0.0327327,QDVW,IE00BYYHSQ67,0.38
Österreich,0.0015401,QDVW,IE00BYYHSQ67,0.38
--,0.0,2B7K,IE00BYX2JD69,0.2
Australien,0.012574,2B7K,IE00BYX2JD69,0.2
Belgien,0.0047212,2B7K,IE00BYX2JD69,0.2
Deutschland,0.0166235,2B7K,IE00BYX2JD69,0.2
Dänemark,0.0184344,2B7K,IE00BYX2JD69,0.2
Europäische Union,0.0005182,2B7K,IE00BYX2JD69,0.2
Finnland,0.0070513,2B7K,IE00BYX2JD69,0.2
Frankreich,0.0314037,2B7K,IE00BYX2JD69,0.2
Hongkong,0.0073583,2B7K,IE00BYX2JD69,0.2
Irland,0.0027914999999999997,2B7K,IE00BYX2JD69,0.2
Israel,3.4e-06,2B7K,IE00BYX2JD69,0.2
Italien,0.0054494,2B7K,IE00BYX2JD69,0.2
Japan,0.0756651,2B7K,IE00BYX2JD69,0.2
Kanada,0.0510623,2B7K,IE00BYX2JD69,0.2
Neuseeland,0.0008858,2B7K,IE00BYX2JD69,0.2
Niederlande,0.0500181,2B7K,IE00BYX2JD69,0.2
Norwegen,0.0034118,2B7K,IE00BYX2JD69,0.2
Portugal,0.0005038999999999999,2B7K,IE00BYX2JD69,0.2
Schweden,0.0087254,2B7K,IE00BYX2JD69,0.2
Schweiz,0.0285225,2B7K,IE00BYX2JD69,0.2
Singapur,0.0020186,2B7K,IE00BYX2JD69,0.2
Spanien,0.0040620000000000005,2B7K,IE00BYX2JD69,0.2
Vereinigte Staaten,0.6471068,2B7K,IE00BYX2JD69,0.2
Vereinigtes Königreich,0.0205713,2B7K,IE00BYX2JD69,0.2
Österreich,0.0005165,2B7K,IE00BYX2JD69,0.2
--,0.0,2B7J,IE00BDZZTM54,0.2
Australien,0.012574,2B7J,IE00BDZZTM54,0.2
Belgien,0.0047212,2B7J,IE00BDZZTM54,0.2
Deutschland,0.0166235,2B7J,IE00BDZZTM54,0.2
Dänemark,0.0184344,2B7J,IE00BDZZTM54,0.2
Europäische Union,0.0005182,2B7J,IE00BDZZTM54,0.2
Finnland,0.0070513,2B7J,IE00BDZZTM54,0.2
Frankreich,0.0314037,2B7J,IE00BDZZTM54,0.2
Hongkong,0.0073583,2B7J,IE00BDZZTM54,0.2
Irland,0.0027914999999999997,2B7J,IE00BDZZTM54,0.2
Israel,3.4e-06,2B7J,IE00BDZZTM54,0.2
Italien,0.0054494,2B7J,IE00BDZZTM54,0.2
Japan,0.0756651,2B7J,IE00BDZZTM54,0.2
Kanada,0.0510623,2B7J,IE00BDZZTM54,0.2
Neuseeland,0.0008858,2B7J,IE00BDZZTM54,0.2
Niederlande,0.0500181,2B7J,IE00BDZZTM54,0.2
Norwegen,0.0034118,2B7J,IE00BDZZTM54,0.2
Portugal,0.0005038999999999999,2B7J,IE00BDZZTM54,0.2
Schweden,0.0087254,2B7J,IE00BDZZTM54,0.2
Schweiz,0.0285225,2B7J,IE00BDZZTM54,0.2
Singapur,0.0020186,2B7J,IE00BDZZTM54,0.2
Spanien,0.0040620000000000005,2B7J,IE00BDZZTM54,0.2
Vereinigte Staaten,0.6471068,2B7J,IE00BDZZTM54,0.2
Vereinigtes Königreich,0.0205713,2B7J,IE00BDZZTM54,0.2
Österreich,0.0005165,2B7J,IE00BDZZTM54,0.2
--,0.0,EIMU,IE00BD45KH83,0.18
Brasilien,0.0378493,EIMU,IE00BD45KH83,0.18
Chile,0.0064101,EIMU,IE00BD45KH83,0.18
China,0.2520138,EIMU,IE00BD45KH83,0.18
Deutschland,0.0048363,EIMU,IE00BD45KH83,0.18
Europäische Union,3.4e-05,EIMU,IE00BD45KH83,0.18
Griechenland,0.0063956,EIMU,IE00BD45KH83,0.18
Hongkong,0.0005652000000000001,EIMU,IE00BD45KH83,0.18
Indien,0.1578512,EIMU,IE00BD45KH83,0.18
Indonesien,0.012993300000000001,EIMU,IE00BD45KH83,0.18
Irland,0.0023765999999999995,EIMU,IE00BD45KH83,0.18
Kanada,1.8500000000000002e-05,EIMU,IE00BD45KH83,0.18
Kolumbien,0.0018823000000000002,EIMU,IE00BD45KH83,0.18
Korea,0.1400359,EIMU,IE00BD45KH83,0.18
Kuwait,0.007281,EIMU,IE00BD45KH83,0.18
Malaysia,0.013758,EIMU,IE00BD45KH83,0.18
Mexiko,0.0186134,EIMU,IE00BD45KH83,0.18
Peru,0.0034159999999999998,EIMU,IE00BD45KH83,0.18
Philippinen,0.0043371,EIMU,IE00BD45KH83,0.18
Polen,0.0118405,EIMU,IE00BD45KH83,0.18
Qatar,0.0065646,EIMU,IE00BD45KH83,0.18
Russland,1e-06,EIMU,IE00BD45KH83,0.18
Saudi-Arabien,0.0260814,EIMU,IE00BD45KH83,0.18
Schweiz,0.0,EIMU,IE00BD45KH83,0.18
Singapur,3.6000000000000003e-06,EIMU,IE00BD45KH83,0.18
Südafrika,0.038020200000000004,EIMU,IE00BD45KH83,0.18
Taiwan,0.2077031,EIMU,IE00BD45KH83,0.18
Thailand,0.0112642,EIMU,IE00BD45KH83,0.18
Tschechien,0.0014071,EIMU,IE00BD45KH83,0.18
Türkei,0.006737,EIMU,IE00BD45KH83,0.18
Ungarn,0.0029,EIMU,IE00BD45KH83,0.18
Ver. Arabische Emirate,0.0142333,EIMU,IE00BD45KH83,0.18
Vereinigte Staaten,0.0018260999999999998,EIMU,IE00BD45KH83,0.18
Vereinigtes Königreich,1.96e-05,EIMU,IE00BD45KH83,0.18
Ägypten,0.0007317000000000001,EIMU,IE00BD45KH83,0.18
--,0.0,IUSN,IE00BF4RFH31,0.35
Australien,0.038576,IUSN,IE00BF4RFH31,0.35
Belgien,0.0055272,IUSN,IE00BF4RFH31,0.35
Deutschland,0.0141971,IUSN,IE00BF4RFH31,0.35
Dänemark,0.007033,IUSN,IE00BF4RFH31,0.35
Europäische Union,0.0008225999999999999,IUSN,IE00BF4RFH31,0.35
Finnland,0.0041416,IUSN,IE00BF4RFH31,0.35
Frankreich,0.0123584,IUSN,IE00BF4RFH31,0.35
Georgien,2.9999999999999997e-06,IUSN,IE00BF4RFH31,0.35
Griechenland,0.0005038,IUSN,IE00BF4RFH31,0.35
Hongkong,0.0061355,IUSN,IE00BF4RFH31,0.35
Irland,0.0007277,IUSN,IE00BF4RFH31,0.35
Israel,0.0165238,IUSN,IE00BF4RFH31,0.35
Italien,0.0105803,IUSN,IE00BF4RFH31,0.35
Japan,0.1232196,IUSN,IE00BF4RFH31,0.35
Kanada,0.0418503,IUSN,IE00BF4RFH31,0.35
Neuseeland,0.0015012,IUSN,IE00BF4RFH31,0.35
Niederlande,0.0041753,IUSN,IE00BF4RFH31,0.35
Norwegen,0.0070603,IUSN,IE00BF4RFH31,0.35
Portugal,0.0008585,IUSN,IE00BF4RFH31,0.35
Schweden,0.0176601,IUSN,IE00BF4RFH31,0.35
Schweiz,0.0156144,IUSN,IE00BF4RFH31,0.35
Singapur,0.0075663,IUSN,IE00BF4RFH31,0.35
Spanien,0.0055112,IUSN,IE00BF4RFH31,0.35
Vereinigte Staaten,0.6100389,IUSN,IE00BF4RFH31,0.35
Vereinigtes Königreich,0.0436896,IUSN,IE00BF4RFH31,0.35
Österreich,0.0041254,IUSN,IE00BF4RFH31,0.35
Europäische Union,0.0,NDIA,IE00BZCQB185,0.65
Indien,0.9990564,NDIA,IE00BZCQB185,0.65
Vereinigte Staaten,0.0009430999999999999,NDIA,IE00BZCQB185,0.65
--,0.0,LOCK,IE00BG0J4C88,0.4
Australien,0.014728999999999999,LOCK,IE00BG0J4C88,0.4
Brasilien,0.0005847,LOCK,IE00BG0J4C88,0.4
China,0.0071654,LOCK,IE00BG0J4C88,0.4
Deutschland,0.0022367999999999997,LOCK,IE00BG0J4C88,0.4
Dänemark,0.006165599999999999,LOCK,IE00BG0J4C88,0.4
Europäische Union,6.4e-05,LOCK,IE00BG0J4C88,0.4
Frankreich,0.000625,LOCK,IE00BG0J4C88,0.4
Hongkong,0.0010636999999999999,LOCK,IE00BG0J4C88,0.4
Indien,0.0190942,LOCK,IE00BG0J4C88,0.4
Israel,0.0476565,LOCK,IE00BG0J4C88,0.4
Italien,0.0009912999999999999,LOCK,IE00BG0J4C88,0.4
Japan,0.1259044,LOCK,IE00BG0J4C88,0.4
Kanada,0.005332,LOCK,IE00BG0J4C88,0.4
Korea,0.0088879,LOCK,IE00BG0J4C88,0.4
Malaysia,0.0043792,LOCK,IE00BG0J4C88,0.4
Schweden,0.0108924,LOCK,IE00BG0J4C88,0.4
Schweiz,0.006217,LOCK,IE00BG0J4C88,0.4
Singapur,0.0079711,LOCK,IE00BG0J4C88,0.4
Taiwan,0.0372523,LOCK,IE00BG0J4C88,0.4
Türkei,4.74e-05,LOCK,IE00BG0J4C88,0.4
Vereinigte Staaten,0.6912115,LOCK,IE00BG0J4C88,0.4
Vereinigtes Königreich,0.0015283,LOCK,IE00BG0J4C88,0.4
--,0.0,4BRZ,DE000A0Q4R85,0.31
Brasilien,0.9992002999999999,4BRZ,DE000A0Q4R85,0.31
Europäische Union,3.47e-05,4BRZ,DE000A0Q4R85,0.31
Vereinigte Staaten,0.0007649,4BRZ,DE000A0Q4R85,0.31
--,0.0,NQSE,IE00BYVQ9F29,0.33
China,0.0044147,NQSE,IE00BYVQ9F29,0.33
Europäische Union,9.769999999999999e-05,NQSE,IE00BYVQ9F29,0.33
Irland,0.0019384,NQSE,IE00BYVQ9F29,0.33
Kanada,0.014311,NQSE,IE00BYVQ9F29,0.33
Niederlande,0.0078897,NQSE,IE00BYVQ9F29,0.33
Spanien,0.0026912000000000004,NQSE,IE00BYVQ9F29,0.33
Vereinigte Staaten,0.9648082,NQSE,IE00BYVQ9F29,0.33
Vereinigtes Königreich,0.0038488,NQSE,IE00BYVQ9F29,0.33
--,0.0,IUCM,IE00BDDRF478,0.15
Europäische Union,6e-07,IUCM,IE00BDDRF478,0.15
Irland,0.00038530000000000004,IUCM,IE00BDDRF478,0.15
Vereinigte Staaten,0.9995896,IUCM,IE00BDDRF478,0.15
Vereinigtes Königreich,2.4599999999999998e-05,IUCM,IE00BDDRF478,0.15
--,0.0,SGAS,IE00BFNM3G45,0.07
Europäische Union,9.22e-05,SGAS,IE00BFNM3G45,0.07
Irland,0.0018472,SGAS,IE00BFNM3G45,0.07
Vereinigte Staaten,0.9980302,SGAS,IE00BFNM3G45,0.07
Vereinigtes Königreich,3.0500000000000003e-05,SGAS,IE00BFNM3G45,0.07
--,0.0,SLUS,IE00BFNM3H51,0.07
Europäische Union,9.22e-05,SLUS,IE00BFNM3H51,0.07
Irland,0.0018472,SLUS,IE00BFNM3H51,0.07
Vereinigte Staaten,0.9980302,SLUS,IE00BFNM3H51,0.07
Vereinigtes Königreich,3.0500000000000003e-05,SLUS,IE00BFNM3H51,0.07
Belgien,0.0187231,SLMC,IE00BFNM3D14,0.12
Deutschland,0.1453905,SLMC,IE00BFNM3D14,0.12
Dänemark,0.0348351,SLMC,IE00BFNM3D14,0.12
Europäische Union,0.0017710999999999998,SLMC,IE00BFNM3D14,0.12
Finnland,0.0183093,SLMC,IE00BFNM3D14,0.12
Frankreich,0.149302,SLMC,IE00BFNM3D14,0.12
Irland,0.0111685,SLMC,IE00BFNM3D14,0.12
Italien,0.0540513,SLMC,IE00BFNM3D14,0.12
Niederlande,0.08602510000000001,SLMC,IE00BFNM3D14,0.12
Norwegen,0.009186999999999999,SLMC,IE00BFNM3D14,0.12
Portugal,0.0034950000000000003,SLMC,IE00BFNM3D14,0.12
Schweden,0.0635942,SLMC,IE00BFNM3D14,0.12
Schweiz,0.13349250000000001,SLMC,IE00BFNM3D14,0.12
Spanien,0.0596151,SLMC,IE00BFNM3D14,0.12
Vereinigte Staaten,8.7e-05,SLMC,IE00BFNM3D14,0.12
Vereinigtes Königreich,0.2063051,SLMC,IE00BFNM3D14,0.12
Österreich,0.004648,SLMC,IE00BFNM3D14,0.12
Belgien,0.0338454,SLMA,IE00BFNM3B99,0.12
Deutschland,0.26229990000000003,SLMA,IE00BFNM3B99,0.12
Europäische Union,0.0035717,SLMA,IE00BFNM3B99,0.12
Finnland,0.033078500000000004,SLMA,IE00BFNM3B99,0.12
Frankreich,0.2722056,SLMA,IE00BFNM3B99,0.12
Irland,0.016689700000000002,SLMA,IE00BFNM3B99,0.12
Italien,0.0975526,SLMA,IE00BFNM3B99,0.12
Niederlande,0.15507469999999998,SLMA,IE00BFNM3B99,0.12
Portugal,0.006320699999999999,SLMA,IE00BFNM3B99,0.12
Spanien,0.1107962,SLMA,IE00BFNM3B99,0.12
Vereinigte Staaten,0.0001783,SLMA,IE00BFNM3B99,0.12
Vereinigtes Königreich,2.84e-05,SLMA,IE00BFNM3B99,0.12
Österreich,0.0083584,SLMA,IE00BFNM3B99,0.12
--,0.0,OM3Y,IE00BFNM3N12,0.18
Brasilien,0.0370512,OM3Y,IE00BFNM3N12,0.18
Chile,0.0063612,OM3Y,IE00BFNM3N12,0.18
China,0.2526633,OM3Y,IE00BFNM3N12,0.18
Europäische Union,6.91e-05,OM3Y,IE00BFNM3N12,0.18
Griechenland,0.0063698,OM3Y,IE00BFNM3N12,0.18
Hongkong,0.000775,OM3Y,IE00BFNM3N12,0.18
Indien,0.1528124,OM3Y,IE00BFNM3N12,0.18
Indonesien,0.0104721,OM3Y,IE00BFNM3N12,0.18
Kolumbien,0.0018637,OM3Y,IE00BFNM3N12,0.18
Korea,0.1396955,OM3Y,IE00BFNM3N12,0.18
Kuwait,0.0076915,OM3Y,IE00BFNM3N12,0.18
Malaysia,0.0125211,OM3Y,IE00BFNM3N12,0.18
Mexiko,0.0196626,OM3Y,IE00BFNM3N12,0.18
Peru,0.003693,OM3Y,IE00BFNM3N12,0.18
Philippinen,0.0044001000000000005,OM3Y,IE00BFNM3N12,0.18
Polen,0.0116422,OM3Y,IE00BFNM3N12,0.18
Qatar,0.0069735,OM3Y,IE00BFNM3N12,0.18
Russland,3.0000000000000004e-07,OM3Y,IE00BFNM3N12,0.18
Saudi-Arabien,0.0293725,OM3Y,IE00BFNM3N12,0.18
Schweiz,0.0,OM3Y,IE00BFNM3N12,0.18
Singapur,0.0,OM3Y,IE00BFNM3N12,0.18
Südafrika,0.0392372,OM3Y,IE00BFNM3N12,0.18
Taiwan,0.2182207,OM3Y,IE00BFNM3N12,0.18
Thailand,0.0115468,OM3Y,IE00BFNM3N12,0.18
Tschechien,0.0006055,OM3Y,IE00BFNM3N12,0.18
Türkei,0.0067954,OM3Y,IE00BFNM3N12,0.18
Ungarn,0.0028461,OM3Y,IE00BFNM3N12,0.18
Ver. Arabische Emirate,0.0145633,OM3Y,IE00BFNM3N12,0.18
Vereinigte Staaten,0.0012473,OM3Y,IE00BFNM3N12,0.18
Vereinigtes Königreich,0.0001348,OM3Y,IE00BFNM3N12,0.18
Ägypten,0.0007109,OM3Y,IE00BFNM3N12,0.18
--,0.0,AYEM,IE00BFNM3P36,0.18
Brasilien,0.0370512,AYEM,IE00BFNM3P36,0.18
Chile,0.0063612,AYEM,IE00BFNM3P36,0.18
China,0.2526633,AYEM,IE00BFNM3P36,0.18
Europäische Union,6.91e-05,AYEM,IE00BFNM3P36,0.18
Griechenland,0.0063698,AYEM,IE00BFNM3P36,0.18
Hongkong,0.000775,AYEM,IE00BFNM3P36,0.18
Indien,0.1528124,AYEM,IE00BFNM3P36,0.18
Indonesien,0.0104721,AYEM,IE00BFNM3P36,0.18
Kolumbien,0.0018637,AYEM,IE00BFNM3P36,0.18
Korea,0.1396955,AYEM,IE00BFNM3P36,0.18
Kuwait,0.0076915,AYEM,IE00BFNM3P36,0.18
Malaysia,0.0125211,AYEM,IE00BFNM3P36,0.18
Mexiko,0.0196626,AYEM,IE00BFNM3P36,0.18
Peru,0.003693,AYEM,IE00BFNM3P36,0.18
Philippinen,0.0044001000000000005,AYEM,IE00BFNM3P36,0.18
Polen,0.0116422,AYEM,IE00BFNM3P36,0.18
Qatar,0.0069735,AYEM,IE00BFNM3P36,0.18
Russland,3.0000000000000004e-07,AYEM,IE00BFNM3P36,0.18
Saudi-Arabien,0.0293725,AYEM,IE00BFNM3P36,0.18
Schweiz,0.0,AYEM,IE00BFNM3P36,0.18
Singapur,0.0,AYEM,IE00BFNM3P36,0.18
Südafrika,0.0392372,AYEM,IE00BFNM3P36,0.18
Taiwan,0.2182207,AYEM,IE00BFNM3P36,0.18
Thailand,0.0115468,AYEM,IE00BFNM3P36,0.18
Tschechien,0.0006055,AYEM,IE00BFNM3P36,0.18
Türkei,0.0067954,AYEM,IE00BFNM3P36,0.18
Ungarn,0.0028461,AYEM,IE00BFNM3P36,0.18
Ver. Arabische Emirate,0.0145633,AYEM,IE00BFNM3P36,0.18
Vereinigte Staaten,0.0012473,AYEM,IE00BFNM3P36,0.18
Vereinigtes Königreich,0.0001348,AYEM,IE00BFNM3P36,0.18
Ägypten,0.0007109,AYEM,IE00BFNM3P36,0.18
--,0.0,SGAJ,IE00BFNM3L97,0.15
Europäische Union,3.7e-06,SGAJ,IE00BFNM3L97,0.15
Japan,0.999979,SGAJ,IE00BFNM3L97,0.15
Vereinigte Staaten,7.1e-06,SGAJ,IE00BFNM3L97,0.15
Vereinigtes Königreich,1e-05,SGAJ,IE00BFNM3L97,0.15
--,0.0,S6DW,IE00BFNM3K80,0.2
Australien,0.015822,S6DW,IE00BFNM3K80,0.2
Belgien,0.002998,S6DW,IE00BFNM3K80,0.2
Deutschland,0.022565,S6DW,IE00BFNM3K80,0.2
Dänemark,0.0053494,S6DW,IE00BFNM3K80,0.2
Europäische Union,-0.00012319999999999999,S6DW,IE00BFNM3K80,0.2
Finnland,0.0027217,S6DW,IE00BFNM3K80,0.2
Frankreich,0.023162,S6DW,IE00BFNM3K80,0.2
Hongkong,0.0047947,S6DW,IE00BFNM3K80,0.2
Irland,0.0029293,S6DW,IE00BFNM3K80,0.2
Israel,0.0029422,S6DW,IE00BFNM3K80,0.2
Italien,0.0085262,S6DW,IE00BFNM3K80,0.2
Japan,0.056839100000000004,S6DW,IE00BFNM3K80,0.2
Kanada,0.0314883,S6DW,IE00BFNM3K80,0.2
Neuseeland,0.00042360000000000005,S6DW,IE00BFNM3K80,0.2
Niederlande,0.013379400000000001,S6DW,IE00BFNM3K80,0.2
Norwegen,0.0015324,S6DW,IE00BFNM3K80,0.2
Portugal,0.0005168,S6DW,IE00BFNM3K80,0.2
Schweden,0.0096839,S6DW,IE00BFNM3K80,0.2
Schweiz,0.0206629,S6DW,IE00BFNM3K80,0.2
Singapur,0.0044504,S6DW,IE00BFNM3K80,0.2
Spanien,0.0091602,S6DW,IE00BFNM3K80,0.2
Vereinigte Staaten,0.7276511,S6DW,IE00BFNM3K80,0.2
Vereinigtes Königreich,0.0318366,S6DW,IE00BFNM3K80,0.2
Österreich,0.000686,S6DW,IE00BFNM3K80,0.2
--,0.0,SNAW,IE00BFNM3J75,0.2
Australien,0.015822,SNAW,IE00BFNM3J75,0.2
Belgien,0.002998,SNAW,IE00BFNM3J75,0.2
Deutschland,0.022565,SNAW,IE00BFNM3J75,0.2
Dänemark,0.0053494,SNAW,IE00BFNM3J75,0.2
Europäische Union,-0.00012319999999999999,SNAW,IE00BFNM3J75,0.2
Finnland,0.0027217,SNAW,IE00BFNM3J75,0.2
Frankreich,0.023162,SNAW,IE00BFNM3J75,0.2
Hongkong,0.0047947,SNAW,IE00BFNM3J75,0.2
Irland,0.0029293,SNAW,IE00BFNM3J75,0.2
Israel,0.0029422,SNAW,IE00BFNM3J75,0.2
Italien,0.0085262,SNAW,IE00BFNM3J75,0.2
Japan,0.056839100000000004,SNAW,IE00BFNM3J75,0.2
Kanada,0.0314883,SNAW,IE00BFNM3J75,0.2
Neuseeland,0.00042360000000000005,SNAW,IE00BFNM3J75,0.2
Niederlande,0.013379400000000001,SNAW,IE00BFNM3J75,0.2
Norwegen,0.0015324,SNAW,IE00BFNM3J75,0.2
Portugal,0.0005168,SNAW,IE00BFNM3J75,0.2
Schweden,0.0096839,SNAW,IE00BFNM3J75,0.2
Schweiz,0.0206629,SNAW,IE00BFNM3J75,0.2
Singapur,0.0044504,SNAW,IE00BFNM3J75,0.2
Spanien,0.0091602,SNAW,IE00BFNM3J75,0.2
Vereinigte Staaten,0.7276511,SNAW,IE00BFNM3J75,0.2
Vereinigtes Königreich,0.0318366,SNAW,IE00BFNM3J75,0.2
Österreich,0.000686,SNAW,IE00BFNM3J75,0.2
--,0.0,EDMU,IE00BHZPJ908,0.07
Europäische Union,1.01e-05,EDMU,IE00BHZPJ908,0.07
Irland,0.0017513000000000001,EDMU,IE00BHZPJ908,0.07
Kanada,0.0,EDMU,IE00BHZPJ908,0.07
Vereinigte Staaten,0.9982286,EDMU,IE00BHZPJ908,0.07
Vereinigtes Königreich,1.01e-05,EDMU,IE00BHZPJ908,0.07
--,0.0,OM3L,IE00BHZPJ890,0.07
Europäische Union,1.01e-05,OM3L,IE00BHZPJ890,0.07
Irland,0.0017513000000000001,OM3L,IE00BHZPJ890,0.07
Kanada,0.0,OM3L,IE00BHZPJ890,0.07
Vereinigte Staaten,0.9982286,OM3L,IE00BHZPJ890,0.07
Vereinigtes Königreich,1.01e-05,OM3L,IE00BHZPJ890,0.07
--,0.0,EDMW,IE00BHZPJ569,0.2
Australien,0.0141688,EDMW,IE00BHZPJ569,0.2
Belgien,0.0041559,EDMW,IE00BHZPJ569,0.2
Deutschland,0.0221808,EDMW,IE00BHZPJ569,0.2
Dänemark,0.0035492,EDMW,IE00BHZPJ569,0.2
Europäische Union,0.00030030000000000004,EDMW,IE00BHZPJ569,0.2
Finnland,0.0033981,EDMW,IE00BHZPJ569,0.2
Frankreich,0.0272285,EDMW,IE00BHZPJ569,0.2
Hongkong,0.0072275,EDMW,IE00BHZPJ569,0.2
Irland,0.001585,EDMW,IE00BHZPJ569,0.2
Israel,0.0026092,EDMW,IE00BHZPJ569,0.2
Italien,0.010706199999999999,EDMW,IE00BHZPJ569,0.2
Japan,0.0564599,EDMW,IE00BHZPJ569,0.2
Kanada,0.0379959,EDMW,IE00BHZPJ569,0.2
Neuseeland,0.0005519,EDMW,IE00BHZPJ569,0.2
Niederlande,0.0121346,EDMW,IE00BHZPJ569,0.2
Norwegen,0.0041402,EDMW,IE00BHZPJ569,0.2
Portugal,0.0010018,EDMW,IE00BHZPJ569,0.2
Schweden,0.0063625,EDMW,IE00BHZPJ569,0.2
Schweiz,0.0260522,EDMW,IE00BHZPJ569,0.2
Singapur,0.003301,EDMW,IE00BHZPJ569,0.2
Spanien,0.010365800000000001,EDMW,IE00BHZPJ569,0.2
Vereinigte Staaten,0.7142062,EDMW,IE00BHZPJ569,0.2
Vereinigtes Königreich,0.0297767,EDMW,IE00BHZPJ569,0.2
Österreich,0.0005411000000000001,EDMW,IE00BHZPJ569,0.2
--,0.0,EMND,IE00BG11HV38,0.2
Australien,0.0141688,EMND,IE00BG11HV38,0.2
Belgien,0.0041559,EMND,IE00BG11HV38,0.2
Deutschland,0.0221808,EMND,IE00BG11HV38,0.2
Dänemark,0.0035492,EMND,IE00BG11HV38,0.2
Europäische Union,0.00030030000000000004,EMND,IE00BG11HV38,0.2
Finnland,0.0033981,EMND,IE00BG11HV38,0.2
Frankreich,0.0272285,EMND,IE00BG11HV38,0.2
Hongkong,0.0072275,EMND,IE00BG11HV38,0.2
Irland,0.001585,EMND,IE00BG11HV38,0.2
Israel,0.0026092,EMND,IE00BG11HV38,0.2
Italien,0.010706199999999999,EMND,IE00BG11HV38,0.2
Japan,0.0564599,EMND,IE00BG11HV38,0.2
Kanada,0.0379959,EMND,IE00BG11HV38,0.2
Neuseeland,0.0005519,EMND,IE00BG11HV38,0.2
Niederlande,0.0121346,EMND,IE00BG11HV38,0.2
Norwegen,0.0041402,EMND,IE00BG11HV38,0.2
Portugal,0.0010018,EMND,IE00BG11HV38,0.2
Schweden,0.0063625,EMND,IE00BG11HV38,0.2
Schweiz,0.0260522,EMND,IE00BG11HV38,0.2
Singapur,0.003301,EMND,IE00BG11HV38,0.2
Spanien,0.010365800000000001,EMND,IE00BG11HV38,0.2
Vereinigte Staaten,0.7142062,EMND,IE00BG11HV38,0.2
Vereinigtes Königreich,0.0297767,EMND,IE00BG11HV38,0.2
Österreich,0.0005411000000000001,EMND,IE00BG11HV38,0.2
--,0.0,EDM6,IE00BHZPJ783,0.12
Belgien,0.0187973,EDM6,IE00BHZPJ783,0.12
Deutschland,0.14667840000000001,EDM6,IE00BHZPJ783,0.12
Dänemark,0.0276152,EDM6,IE00BHZPJ783,0.12
Europäische Union,0.0023601,EDM6,IE00BHZPJ783,0.12
Finnland,0.0160182,EDM6,IE00BHZPJ783,0.12
Frankreich,0.1540703,EDM6,IE00BHZPJ783,0.12
Irland,0.013784999999999999,EDM6,IE00BHZPJ783,0.12
Italien,0.0544611,EDM6,IE00BHZPJ783,0.12
Niederlande,0.0751031,EDM6,IE00BHZPJ783,0.12
Norwegen,0.0159107,EDM6,IE00BHZPJ783,0.12
Portugal,0.0037322,EDM6,IE00BHZPJ783,0.12
Schweden,0.0471964,EDM6,IE00BHZPJ783,0.12
Schweiz,0.1492306,EDM6,IE00BHZPJ783,0.12
Spanien,0.059348000000000005,EDM6,IE00BHZPJ783,0.12
Vereinigte Staaten,0.0002306,EDM6,IE00BHZPJ783,0.12
Vereinigtes Königreich,0.2114831,EDM6,IE00BHZPJ783,0.12
Österreich,0.0039801,EDM6,IE00BHZPJ783,0.12
--,0.0,EMNU,IE00BHZPJ676,0.12
Belgien,0.0187973,EMNU,IE00BHZPJ676,0.12
Deutschland,0.14667840000000001,EMNU,IE00BHZPJ676,0.12
Dänemark,0.0276152,EMNU,IE00BHZPJ676,0.12
Europäische Union,0.0023601,EMNU,IE00BHZPJ676,0.12
Finnland,0.0160182,EMNU,IE00BHZPJ676,0.12
Frankreich,0.1540703,EMNU,IE00BHZPJ676,0.12
Irland,0.013784999999999999,EMNU,IE00BHZPJ676,0.12
Italien,0.0544611,EMNU,IE00BHZPJ676,0.12
Niederlande,0.0751031,EMNU,IE00BHZPJ676,0.12
Norwegen,0.0159107,EMNU,IE00BHZPJ676,0.12
Portugal,0.0037322,EMNU,IE00BHZPJ676,0.12
Schweden,0.0471964,EMNU,IE00BHZPJ676,0.12
Schweiz,0.1492306,EMNU,IE00BHZPJ676,0.12
Spanien,0.059348000000000005,EMNU,IE00BHZPJ676,0.12
Vereinigte Staaten,0.0002306,EMNU,IE00BHZPJ676,0.12
Vereinigtes Königreich,0.2114831,EMNU,IE00BHZPJ676,0.12
Österreich,0.0039801,EMNU,IE00BHZPJ676,0.12
--,0.0,EDMJ,IE00BHZPJ452,0.15
Europäische Union,9.000000000000001e-07,EDMJ,IE00BHZPJ452,0.15
Japan,0.9999828,EDMJ,IE00BHZPJ452,0.15
Vereinigte Staaten,1.4499999999999998e-05,EDMJ,IE00BHZPJ452,0.15
Vereinigtes Königreich,1.6000000000000001e-06,EDMJ,IE00BHZPJ452,0.15
Belgien,0.0340424,EDM4,IE00BHZPJ015,0.12
Deutschland,0.27195779999999997,EDM4,IE00BHZPJ015,0.12
Europäische Union,0.005802699999999999,EDM4,IE00BHZPJ015,0.12
Finnland,0.0297071,EDM4,IE00BHZPJ015,0.12
Frankreich,0.2804427,EDM4,IE00BHZPJ015,0.12
Irland,0.0172361,EDM4,IE00BHZPJ015,0.12
Italien,0.0966098,EDM4,IE00BHZPJ015,0.12
Niederlande,0.1373374,EDM4,IE00BHZPJ015,0.12
Portugal,0.006039,EDM4,IE00BHZPJ015,0.12
Spanien,0.1126397,EDM4,IE00BHZPJ015,0.12
Vereinigte Staaten,0.00020820000000000002,EDM4,IE00BHZPJ015,0.12
Vereinigtes Königreich,5.01e-05,EDM4,IE00BHZPJ015,0.12
Österreich,0.0079261,EDM4,IE00BHZPJ015,0.12
--,0.0,EDM2,IE00BHZPJ239,0.18
Brasilien,0.0415656,EDM2,IE00BHZPJ239,0.18
Chile,0.0056155,EDM2,IE00BHZPJ239,0.18
China,0.2711292,EDM2,IE00BHZPJ239,0.18
Europäische Union,1.02e-05,EDM2,IE00BHZPJ239,0.18
Griechenland,0.0062124,EDM2,IE00BHZPJ239,0.18
Hongkong,0.0006205,EDM2,IE00BHZPJ239,0.18
Indien,0.1483264,EDM2,IE00BHZPJ239,0.18
Indonesien,0.0093337,EDM2,IE00BHZPJ239,0.18
Kolumbien,0.002846,EDM2,IE00BHZPJ239,0.18
Korea,0.1414192,EDM2,IE00BHZPJ239,0.18
Kuwait,0.0040427,EDM2,IE00BHZPJ239,0.18
Malaysia,0.0136694,EDM2,IE00BHZPJ239,0.18
Mexiko,0.0202735,EDM2,IE00BHZPJ239,0.18
Peru,0.0036044999999999996,EDM2,IE00BHZPJ239,0.18
Philippinen,0.0028359,EDM2,IE00BHZPJ239,0.18
Polen,0.010773,EDM2,IE00BHZPJ239,0.18
Qatar,0.0054935,EDM2,IE00BHZPJ239,0.18
Russland,3e-07,EDM2,IE00BHZPJ239,0.18
Saudi-Arabien,0.0266326,EDM2,IE00BHZPJ239,0.18
Südafrika,0.038409200000000004,EDM2,IE00BHZPJ239,0.18
Taiwan,0.2137071,EDM2,IE00BHZPJ239,0.18
Thailand,0.0085293,EDM2,IE00BHZPJ239,0.18
Tschechien,0.0020043,EDM2,IE00BHZPJ239,0.18
Türkei,0.0041788,EDM2,IE00BHZPJ239,0.18
Ungarn,0.0014614,EDM2,IE00BHZPJ239,0.18
Ver. Arabische Emirate,0.0145194,EDM2,IE00BHZPJ239,0.18
Vereinigte Staaten,0.001472,EDM2,IE00BHZPJ239,0.18
Vereinigtes Königreich,9.9e-06,EDM2,IE00BHZPJ239,0.18
Ägypten,0.0013043,EDM2,IE00BHZPJ239,0.18
--,0.0,EEDM,IE00BHZPJ122,0.18
Brasilien,0.0415656,EEDM,IE00BHZPJ122,0.18
Chile,0.0056155,EEDM,IE00BHZPJ122,0.18
China,0.2711292,EEDM,IE00BHZPJ122,0.18
Europäische Union,1.02e-05,EEDM,IE00BHZPJ122,0.18
Griechenland,0.0062124,EEDM,IE00BHZPJ122,0.18
Hongkong,0.0006205,EEDM,IE00BHZPJ122,0.18
Indien,0.1483264,EEDM,IE00BHZPJ122,0.18
Indonesien,0.0093337,EEDM,IE00BHZPJ122,0.18
Kolumbien,0.002846,EEDM,IE00BHZPJ122,0.18
Korea,0.1414192,EEDM,IE00BHZPJ122,0.18
Kuwait,0.0040427,EEDM,IE00BHZPJ122,0.18
Malaysia,0.0136694,EEDM,IE00BHZPJ122,0.18
Mexiko,0.0202735,EEDM,IE00BHZPJ122,0.18
Peru,0.0036044999999999996,EEDM,IE00BHZPJ122,0.18
Philippinen,0.0028359,EEDM,IE00BHZPJ122,0.18
Polen,0.010773,EEDM,IE00BHZPJ122,0.18
Qatar,0.0054935,EEDM,IE00BHZPJ122,0.18
Russland,3e-07,EEDM,IE00BHZPJ122,0.18
Saudi-Arabien,0.0266326,EEDM,IE00BHZPJ122,0.18
Südafrika,0.038409200000000004,EEDM,IE00BHZPJ122,0.18
Taiwan,0.2137071,EEDM,IE00BHZPJ122,0.18
Thailand,0.0085293,EEDM,IE00BHZPJ122,0.18
Tschechien,0.0020043,EEDM,IE00BHZPJ122,0.18
Türkei,0.0041788,EEDM,IE00BHZPJ122,0.18
Ungarn,0.0014614,EEDM,IE00BHZPJ122,0.18
Ver. Arabische Emirate,0.0145194,EEDM,IE00BHZPJ122,0.18
Vereinigte Staaten,0.001472,EEDM,IE00BHZPJ122,0.18
Vereinigtes Königreich,9.9e-06,EEDM,IE00BHZPJ122,0.18
Ägypten,0.0013043,EEDM,IE00BHZPJ122,0.18
--,0.0,ICGA,IE00BJ5JPG56,0.28
China,0.9968397,ICGA,IE00BJ5JPG56,0.28
Europäische Union,7e-07,ICGA,IE00BJ5JPG56,0.28
Hongkong,0.0022322,ICGA,IE00BJ5JPG56,0.28
Irland,0.0004898,ICGA,IE00BJ5JPG56,0.28
Vereinigte Staaten,0.0004375,ICGA,IE00BJ5JPG56,0.28
Vereinigtes Königreich,2.0000000000000002e-07,ICGA,IE00BJ5JPG56,0.28
--,0.0,AYEW,IE00BJ5JNY98,0.18
Australien,0.0027069999999999998,AYEW,IE00BJ5JNY98,0.18
Deutschland,0.0289588,AYEW,IE00BJ5JNY98,0.18
Europäische Union,0.0006799,AYEW,IE00BJ5JNY98,0.18
Finnland,0.0044645,AYEW,IE00BJ5JNY98,0.18
Frankreich,0.0066531,AYEW,IE00BJ5JNY98,0.18
Hongkong,4.0000000000000003e-07,AYEW,IE00BJ5JNY98,0.18
Irland,0.0006605999999999999,AYEW,IE00BJ5JNY98,0.18
Israel,0.0085647,AYEW,IE00BJ5JNY98,0.18
Japan,0.0375855,AYEW,IE00BJ5JNY98,0.18
Kanada,0.01135,AYEW,IE00BJ5JNY98,0.18
Niederlande,0.0331051,AYEW,IE00BJ5JNY98,0.18
Schweden,0.0006255,AYEW,IE00BJ5JNY98,0.18
Schweiz,0.0020257,AYEW,IE00BJ5JNY98,0.18
Singapur,2.7e-06,AYEW,IE00BJ5JNY98,0.18
Vereinigte Staaten,0.8592895,AYEW,IE00BJ5JNY98,0.18
Vereinigtes Königreich,0.0033273,AYEW,IE00BJ5JNY98,0.18
--,0.0,IWLE,IE00BKBF6H24,0.3
Australien,0.0154384,IWLE,IE00BKBF6H24,0.3
Belgien,0.0027975,IWLE,IE00BKBF6H24,0.3
Deutschland,0.0239791,IWLE,IE00BKBF6H24,0.3
Dänemark,0.0049889,IWLE,IE00BKBF6H24,0.3
Europäische Union,0.0001651,IWLE,IE00BKBF6H24,0.3
Finnland,0.0028484,IWLE,IE00BKBF6H24,0.3
Frankreich,0.0261382,IWLE,IE00BKBF6H24,0.3
Hongkong,0.0050861,IWLE,IE00BKBF6H24,0.3
Irland,0.0023146,IWLE,IE00BKBF6H24,0.3
Israel,0.0027663,IWLE,IE00BKBF6H24,0.3
Italien,0.0080544,IWLE,IE00BKBF6H24,0.3
Japan,0.0544679,IWLE,IE00BKBF6H24,0.3
Kanada,0.0339189,IWLE,IE00BKBF6H24,0.3
Neuseeland,0.00041660000000000004,IWLE,IE00BKBF6H24,0.3
Niederlande,0.0127878,IWLE,IE00BKBF6H24,0.3
Norwegen,0.0014287,IWLE,IE00BKBF6H24,0.3
Portugal,0.0005041000000000001,IWLE,IE00BKBF6H24,0.3
Schweden,0.0091028,IWLE,IE00BKBF6H24,0.3
Schweiz,0.0232411,IWLE,IE00BKBF6H24,0.3
Singapur,0.0041588,IWLE,IE00BKBF6H24,0.3
Spanien,0.0097314,IWLE,IE00BKBF6H24,0.3
Vereinigte Staaten,0.7182272,IWLE,IE00BKBF6H24,0.3
Vereinigtes Königreich,0.0367738,IWLE,IE00BKBF6H24,0.3
Österreich,0.0006661,IWLE,IE00BKBF6H24,0.3
Europäische Union,0.0,I500,IE00BMTX1Y45,0.05
Israel,0.0,I500,IE00BMTX1Y45,0.05
Kanada,0.0,I500,IE00BMTX1Y45,0.05
Niederlande,0.0,I500,IE00BMTX1Y45,0.05
Schweiz,0.0,I500,IE00BMTX1Y45,0.05
Singapur,0.0,I500,IE00BMTX1Y45,0.05
Vereinigte Staaten,1.0,I500,IE00BMTX1Y45,0.05
Vereinigtes Königreich,0.0,I500,IE00BMTX1Y45,0.05
--,0.0,84X0,IE00BMG6Z448,0.18
Brasilien,0.0,84X0,IE00BMG6Z448,0.18
Chile,0.008161,84X0,IE00BMG6Z448,0.18
Deutschland,0.0591395,84X0,IE00BMG6Z448,0.18
Europäische Union,2.49e-05,84X0,IE00BMG6Z448,0.18
Griechenland,0.0079785,84X0,IE00BMG6Z448,0.18
Indien,0.2017775,84X0,IE00BMG6Z448,0.18
Indonesien,0.0156742,84X0,IE00BMG6Z448,0.18
Kolumbien,0.0021924,84X0,IE00BMG6Z448,0.18
Korea,0.1945164,84X0,IE00BMG6Z448,0.18
Kuwait,0.0090872,84X0,IE00BMG6Z448,0.18
Malaysia,0.0160378,84X0,IE00BMG6Z448,0.18
Mexiko,0.0264355,84X0,IE00BMG6Z448,0.18
Peru,0.0051908,84X0,IE00BMG6Z448,0.18
Philippinen,0.0052823,84X0,IE00BMG6Z448,0.18
Polen,0.0147963,84X0,IE00BMG6Z448,0.18
Qatar,0.0089267,84X0,IE00BMG6Z448,0.18
Russland,0.0,84X0,IE00BMG6Z448,0.18
Saudi-Arabien,0.0382451,84X0,IE00BMG6Z448,0.18
Südafrika,0.0510621,84X0,IE00BMG6Z448,0.18
Taiwan,0.2872814,84X0,IE00BMG6Z448,0.18
Thailand,0.0131147,84X0,IE00BMG6Z448,0.18
Tschechien,0.0019797,84X0,IE00BMG6Z448,0.18
Türkei,0.0060621,84X0,IE00BMG6Z448,0.18
Ungarn,0.0042933,84X0,IE00BMG6Z448,0.18
Ver. Arabische Emirate,0.0197522,84X0,IE00BMG6Z448,0.18
Vereinigte Staaten,0.0020155,84X0,IE00BMG6Z448,0.18
Vereinigtes Königreich,4.7e-06,84X0,IE00BMG6Z448,0.18
Ägypten,0.0009693,84X0,IE00BMG6Z448,0.18
Belgien,0.0473115,ESIH,IE00BMW42181,0.18
Deutschland,0.0694091,ESIH,IE00BMW42181,0.18
Dänemark,0.1131688,ESIH,IE00BMW42181,0.18
Europäische Union,0.0010225,ESIH,IE00BMW42181,0.18
Finnland,0.0043147,ESIH,IE00BMW42181,0.18
Frankreich,0.11787,ESIH,IE00BMW42181,0.18
Italien,0.0033865,ESIH,IE00BMW42181,0.18
Niederlande,0.011634,ESIH,IE00BMW42181,0.18
Schweden,0.0038129,ESIH,IE00BMW42181,0.18
Schweiz,0.3899434,ESIH,IE00BMW42181,0.18
Spanien,0.0020301,ESIH,IE00BMW42181,0.18
Vereinigte Staaten,0.00029790000000000003,ESIH,IE00BMW42181,0.18
Vereinigtes Königreich,0.2357983,ESIH,IE00BMW42181,0.18
Belgien,0.0158855,ESIF,IE00BMW42306,0.18
Deutschland,0.1284617,ESIF,IE00BMW42306,0.18
Dänemark,0.0122632,ESIF,IE00BMW42306,0.18
Europäische Union,0.0032790000000000002,ESIF,IE00BMW42306,0.18
Finnland,0.025913399999999996,ESIF,IE00BMW42306,0.18
Frankreich,0.0832702,ESIF,IE00BMW42306,0.18
Irland,0.0124509,ESIF,IE00BMW42306,0.18
Italien,0.1046944,ESIF,IE00BMW42306,0.18
Niederlande,0.0598914,ESIF,IE00BMW42306,0.18
Norwegen,0.0090136,ESIF,IE00BMW42306,0.18
Portugal,0.0023111,ESIF,IE00BMW42306,0.18
Schweden,0.0554529,ESIF,IE00BMW42306,0.18
Schweiz,0.1217056,ESIF,IE00BMW42306,0.18
Spanien,0.1174626,ESIF,IE00BMW42306,0.18
Vereinigte Staaten,1.2999999999999998e-06,ESIF,IE00BMW42306,0.18
Vereinigtes Königreich,0.235011,ESIF,IE00BMW42306,0.18
Österreich,0.0129322,ESIF,IE00BMW42306,0.18
Belgien,0.0397225,EMPA,IE00BL6K8D99,0.15
Deutschland,0.2216903,EMPA,IE00BL6K8D99,0.15
Europäische Union,0.001260799999999999,EMPA,IE00BL6K8D99,0.15
Finnland,0.0461612,EMPA,IE00BL6K8D99,0.15
Frankreich,0.3076212,EMPA,IE00BL6K8D99,0.15
Irland,0.013159700000000002,EMPA,IE00BL6K8D99,0.15
Italien,0.1002545,EMPA,IE00BL6K8D99,0.15
Niederlande,0.1364231,EMPA,IE00BL6K8D99,0.15
Portugal,0.0158756,EMPA,IE00BL6K8D99,0.15
Spanien,0.1050825,EMPA,IE00BL6K8D99,0.15
Vereinigte Staaten,0.0002926,EMPA,IE00BL6K8D99,0.15
Vereinigtes Königreich,3e-07,EMPA,IE00BL6K8D99,0.15
Österreich,0.0124555,EMPA,IE00BL6K8D99,0.15
--,0.0,SEC0,IE000I8KRLL9,0.35
Australien,1.21e-05,SEC0,IE000I8KRLL9,0.35
Belgien,0.00029749999999999997,SEC0,IE000I8KRLL9,0.35
China,0.0106199,SEC0,IE000I8KRLL9,0.35
Deutschland,0.013489999999999999,SEC0,IE000I8KRLL9,0.35
Europäische Union,0.0006151,SEC0,IE000I8KRLL9,0.35
Frankreich,0.0039796,SEC0,IE000I8KRLL9,0.35
Hongkong,0.0007754999999999999,SEC0,IE000I8KRLL9,0.35
Indien,0.0006022,SEC0,IE000I8KRLL9,0.35
Israel,0.0055363,SEC0,IE000I8KRLL9,0.35
Italien,0.00040469999999999997,SEC0,IE000I8KRLL9,0.35
Japan,0.0643358,SEC0,IE000I8KRLL9,0.35
Korea,0.0558694,SEC0,IE000I8KRLL9,0.35
Malaysia,0.0006076,SEC0,IE000I8KRLL9,0.35
Niederlande,0.08765569999999999,SEC0,IE000I8KRLL9,0.35
Norwegen,0.0004868,SEC0,IE000I8KRLL9,0.35
Schweiz,0.00024139999999999999,SEC0,IE000I8KRLL9,0.35
Singapur,0.0001293,SEC0,IE000I8KRLL9,0.35
Taiwan,0.1354379,SEC0,IE000I8KRLL9,0.35
Türkei,4.24e-05,SEC0,IE000I8KRLL9,0.35
Vereinigte Staaten,0.6188151000000001,SEC0,IE000I8KRLL9,0.35
Vereinigtes Königreich,4.58e-05,SEC0,IE000I8KRLL9,0.35
--,0.0,CBUC,IE000U7L59A3,0.1
Europäische Union,1.01e-05,CBUC,IE000U7L59A3,0.1
Irland,0.0017513000000000001,CBUC,IE000U7L59A3,0.1
Kanada,0.0,CBUC,IE000U7L59A3,0.1
Vereinigte Staaten,0.9982286,CBUC,IE000U7L59A3,0.1
Vereinigtes Königreich,1.01e-05,CBUC,IE000U7L59A3,0.1
China,0.9975245,CBUK,IE000NFR7C63,0.45
Europäische Union,0.0,CBUK,IE000NFR7C63,0.45
Hongkong,0.0011236,CBUK,IE000NFR7C63,0.45
Vereinigte Staaten,0.0010913,CBUK,IE000NFR7C63,0.45
Vereinigtes Königreich,0.0002607,CBUK,IE000NFR7C63,0.45
Europäische Union,0.0,I50D,IE000D3BWBR2,0.05
Israel,0.0,I50D,IE000D3BWBR2,0.05
Kanada,0.0,I50D,IE000D3BWBR2,0.05
Niederlande,0.0,I50D,IE000D3BWBR2,0.05
Schweiz,0.0,I50D,IE000D3BWBR2,0.05
Singapur,0.0,I50D,IE000D3BWBR2,0.05
Vereinigte Staaten,1.0,I50D,IE000D3BWBR2,0.05
Vereinigtes Königreich,0.0,I50D,IE000D3BWBR2,0.05
--,0.0,O4J0,IE000MLMNYS0,0.15
Europäische Union,6.300000000000001e-06,O4J0,IE000MLMNYS0,0.15
Vereinigte Staaten,0.999906,O4J0,IE000MLMNYS0,0.15
Vereinigtes Königreich,8.72e-05,O4J0,IE000MLMNYS0,0.15
Kanada,0.0,MUSD,IE0002W8NB38,0.05
Schweiz,0.0,MUSD,IE0002W8NB38,0.05
Vereinigte Staaten,0.9999999999999999,MUSD,IE0002W8NB38,0.05
--,0.0,5J50,IE000U9ODG19,0.35
Australien,0.0019358,5J50,IE000U9ODG19,0.35
Deutschland,0.060506399999999995,5J50,IE000U9ODG19,0.35
Europäische Union,-0.0022397,5J50,IE000U9ODG19,0.35
Frankreich,0.13237410000000002,5J50,IE000U9ODG19,0.35
Irland,0.0023182,5J50,IE000U9ODG19,0.35
Israel,0.009433500000000001,5J50,IE000U9ODG19,0.35
Italien,0.0136176,5J50,IE000U9ODG19,0.35
Japan,0.0006397,5J50,IE000U9ODG19,0.35
Kanada,0.0133268,5J50,IE000U9ODG19,0.35
Korea,0.019112,5J50,IE000U9ODG19,0.35
Norwegen,0.0059185999999999996,5J50,IE000U9ODG19,0.35
Schweden,0.010589900000000001,5J50,IE000U9ODG19,0.35
Singapur,0.005114399999999999,5J50,IE000U9ODG19,0.35
Vereinigte Staaten,0.6121959,5J50,IE000U9ODG19,0.35
Vereinigtes Königreich,0.11515679999999999,5J50,IE000U9ODG19,0.35
--,0.0,CEBZ,IE000MAO75G5,0.12
Belgien,0.016542,CEBZ,IE000MAO75G5,0.12
Deutschland,0.1456121,CEBZ,IE000MAO75G5,0.12
Dänemark,0.030272,CEBZ,IE000MAO75G5,0.12
Europäische Union,0.0034124,CEBZ,IE000MAO75G5,0.12
Finnland,0.0172224,CEBZ,IE000MAO75G5,0.12
Frankreich,0.1586639,CEBZ,IE000MAO75G5,0.12
Irland,0.0083725,CEBZ,IE000MAO75G5,0.12
Italien,0.0489408,CEBZ,IE000MAO75G5,0.12
Mexiko,4.7e-06,CEBZ,IE000MAO75G5,0.12
Niederlande,0.0769799,CEBZ,IE000MAO75G5,0.12
Norwegen,0.0082557,CEBZ,IE000MAO75G5,0.12
Portugal,0.003056,CEBZ,IE000MAO75G5,0.12
Schweden,0.0553322,CEBZ,IE000MAO75G5,0.12
Schweiz,0.1420797,CEBZ,IE000MAO75G5,0.12
Spanien,0.0587566,CEBZ,IE000MAO75G5,0.12
Vereinigte Staaten,7.69e-05,CEBZ,IE000MAO75G5,0.12
Vereinigtes Königreich,0.2224755,CEBZ,IE000MAO75G5,0.12
Österreich,0.0039445,CEBZ,IE000MAO75G5,0.12
--,0.0,WOEE,IE000D8XC064,0.3
Australien,0.0170163,WOEE,IE000D8XC064,0.3
Belgien,0.0006497,WOEE,IE000D8XC064,0.3
Deutschland,0.0267774,WOEE,IE000D8XC064,0.3
Dänemark,0.0037961,WOEE,IE000D8XC064,0.3
Europäische Union,-0.0011229999999999999,WOEE,IE000D8XC064,0.3
Finnland,0.0030777,WOEE,IE000D8XC064,0.3
Frankreich,0.0252099,WOEE,IE000D8XC064,0.3
Hongkong,0.007404399999999999,WOEE,IE000D8XC064,0.3
Israel,0.0017161,WOEE,IE000D8XC064,0.3
Italien,0.0095622,WOEE,IE000D8XC064,0.3
Japan,0.0539019,WOEE,IE000D8XC064,0.3
Kanada,0.0273192,WOEE,IE000D8XC064,0.3
Neuseeland,6e-07,WOEE,IE000D8XC064,0.3
Niederlande,0.012960300000000001,WOEE,IE000D8XC064,0.3
Norwegen,0.0023898,WOEE,IE000D8XC064,0.3
Portugal,0.0011903,WOEE,IE000D8XC064,0.3
Schweden,0.007559300000000001,WOEE,IE000D8XC064,0.3
Schweiz,0.0204957,WOEE,IE000D8XC064,0.3
Singapur,0.0021494,WOEE,IE000D8XC064,0.3
Spanien,0.0090583,WOEE,IE000D8XC064,0.3
Vereinigte Staaten,0.7317608,WOEE,IE000D8XC064,0.3
Vereinigtes Königreich,0.0366894,WOEE,IE000D8XC064,0.3
Österreich,0.00043830000000000003,WOEE,IE000D8XC064,0.3
--,0.0,USEE,IE0009VWHAE6,0.2
Brasilien,9.53e-05,USEE,IE0009VWHAE6,0.2
Europäische Union,1.01e-05,USEE,IE0009VWHAE6,0.2
Vereinigte Staaten,0.9998625,USEE,IE0009VWHAE6,0.2
Vereinigtes Königreich,3.26e-05,USEE,IE0009VWHAE6,0.2
Israel,0.0,N1UD,IE00074JV7J1,0.2
Kanada,0.0,N1UD,IE00074JV7J1,0.2
Niederlande,0.0,N1UD,IE00074JV7J1,0.2
Schweiz,0.0,N1UD,IE00074JV7J1,0.2
Vereinigte Staaten,0.9999999999999999,N1UD,IE00074JV7J1,0.2
--,0.0,IXUA,IE000R4ZNTN3,0.15
Australien,0.0549011,IXUA,IE000R4ZNTN3,0.15
Belgien,0.0097183,IXUA,IE000R4ZNTN3,0.15
Deutschland,0.0854071,IXUA,IE000R4ZNTN3,0.15
Dänemark,0.0176052,IXUA,IE000R4ZNTN3,0.15
Europäische Union,-0.0017150000000000002,IXUA,IE000R4ZNTN3,0.15
Finnland,0.0101298,IXUA,IE000R4ZNTN3,0.15
Frankreich,0.0930129,IXUA,IE000R4ZNTN3,0.15
Hongkong,0.017332900000000002,IXUA,IE000R4ZNTN3,0.15
Irland,0.007984100000000001,IXUA,IE000R4ZNTN3,0.15
Israel,0.0098904,IXUA,IE000R4ZNTN3,0.15
Italien,0.0288062,IXUA,IE000R4ZNTN3,0.15
Japan,0.1940048,IXUA,IE000R4ZNTN3,0.15
Kanada,0.1210438,IXUA,IE000R4ZNTN3,0.15
Neuseeland,0.0015627,IXUA,IE000R4ZNTN3,0.15
Niederlande,0.0449148,IXUA,IE000R4ZNTN3,0.15
Norwegen,0.004945,IXUA,IE000R4ZNTN3,0.15
Portugal,0.0018181,IXUA,IE000R4ZNTN3,0.15
Schweden,0.0323139,IXUA,IE000R4ZNTN3,0.15
Schweiz,0.0828937,IXUA,IE000R4ZNTN3,0.15
Singapur,0.0148804,IXUA,IE000R4ZNTN3,0.15
Spanien,0.0342627,IXUA,IE000R4ZNTN3,0.15
Vereinigte Staaten,0.0021531000000000002,IXUA,IE000R4ZNTN3,0.15
Vereinigtes Königreich,0.1297596,IXUA,IE000R4ZNTN3,0.15
Österreich,0.0023747000000000004,IXUA,IE000R4ZNTN3,0.15
--,0.0,QDVB,IE00BD1F4L37,0.2
Europäische Union,1.6353444335217624e-05,QDVB,IE00BD1F4L37,0.2
Vereinigte Staaten,0.9999339322226828,QDVB,IE00BD1F4L37,0.2
Vereinigtes Königreich,4.971433298201361e-05,QDVB,IE00BD1F4L37,0.2
